text,speaker,talktime_words,math_density,uptake,student_reasoning,focusing_questions,text_arabic,text_arabic_normalized,talktime_words_arabic,math_density_arabic,has_math_arabic
"Okay.  Okay, good afternoon boys and girls.",teacher,7,0,,,0.0,حسناً، صباح الخير الفتيان والفتيات,حسنا، صباح الخير الفتيان والفتيات,5,0.0,False
Good after noon Mr. C.,multiple students,5,0,,,,جيد بعد الظهيرة سيد سي,جيد بعد الظهيره سيد سي,5,0.0,False
"All right.  Today for math basically what we are going to be doing today, okay, is we’re gonna be learning how to – this is the objectives.  So I want to you to look at the objective on the board.  I want to tell you – what do you understand?  What is the objectives going to be?  What do you understand?",teacher,61,0,0.0,,0.0,حسناً، اليوم في الرياضيات ما سنفعله اليوم، حسناً، هل سوف نتعلم كيفية -- هذه هي الأهداف. لذلك أريدكم أن تنظروا إلى الهدف على اللوحة. أريد أن أقول لكم -- ماذا تفهمون؟ ما هي الأهداف؟ ماذا تفهمون؟,حسنا، اليوم في الرياضيات ما سنفعله اليوم، حسنا، هل سوف نتعلم كيفيه -- هذه هي الاهداف. لذلك اريدكم ان تنظروا الي الهدف علي اللوحه. اريد ان اقول لكم -- ماذا تفهمون؟ ما هي الاهداف؟ ماذا تفهمون؟,34,0.0,False
The objective is going to be solving word problems.,student,9,0,,0.0,,الهدف سيكون حل مشاكل الكلمات.,الهدف سيكون حل مشاكل الكلمات.,5,0.2,True
"I know how to read.  Okay.  What do you think the objective is going to be in your own words?  I know how to read, believe me.  You’re not gonna believe this but I know how to read. All right.  Go ahead.",teacher,42,0,1.0,,0.0,أنا أعرف كيف أقرأ، صدقني، لن تصدق هذا، لكنني أعرف كيف أقرأ، حسناً، هيا.,انا اعرف كيف اقرا، صدقني، لن تصدق هذا، لكنني اعرف كيف اقرا، حسنا، هيا.,14,0.0,False
Math.,student,1,0,,,,الرياضيات,الرياضيات,1,0.0,False
Okay.  What else?  What is the objective going to be?  Yes?,teacher,11,0,,,0.0,حسناً، ماذا أيضاً، ما الهدف؟,حسنا، ماذا ايضا، ما الهدف؟,5,0.0,False
The objective is going to be like fractions –,student,9,1,,0.0,,الهدف سيكون مثل الكسور ,الهدف سيكون مثل الكسور,4,0.0,False
Not what you think.  Look at it.  Read it.  And tell me what do you understand because I understand.  I wrote it.  So I understand what’s there – okay.  Important to me is do you understand what this stands for?,teacher,40,0,0.0,,0.0,ليس ما تفكرين به. انظروا إليها. اقرأوها. و أخبروني ماذا تفهمون لأنني أفهم. لقد كتبتها. لذلك أفهم ما هو هناك  حسنا. المهم بالنسبة لي هو هل تفهمون ما هذا يمثل؟,ليس ما تفكرين به. انظروا اليها. اقراوها. و اخبروني ماذا تفهمون لانني افهم. لقد كتبتها. لذلك افهم ما هو هناك حسنا. المهم بالنسبه لي هو هل تفهمون ما هذا يمثل؟,30,0.0,False
Oh yeah.,student,2,0,,,,أوه، نعم.,اوه، نعم.,2,0.0,False
Yes.,teacher,1,0,,,0.0,-أجل، أجل,-اجل، اجل,2,0.0,False
[Inaudible.],student,1,0,,,,[غير مسموع.],[غير مسموع.],2,0.0,False
Okay.  So you’re saying – okay so make it.  What are you saying?  [Inaudible] is talking.  It’s about respect. She’s talking.  Excuse me.  She’s talking.  Thank you.,teacher,27,0,,,0.0,"حسناً، إذاً أنت تقول ""حسناً"" لذا افعل ذلك. ماذا تقول؟ [لا يمكن سماعها] تتحدث. إنها تتحدث عن الاحترام. إنها تتحدث. عذراً، إنها تتحدث. شكراً لك.","حسنا، اذا انت تقول ""حسنا"" لذا افعل ذلك. ماذا تقول؟ [لا يمكن سماعها] تتحدث. انها تتحدث عن الاحترام. انها تتحدث. عذرا، انها تتحدث. شكرا لك.",25,0.0,False
We’re learning how to add fractions.,student,6,2,,,,نحن نتعلم كيف نضيف الكسور,نحن نتعلم كيف نضيف الكسور,5,0.0,False
All right.  So she says something that we’re going to learn how to add fraction.  What else are we going to do?,teacher,22,2,1.0,,1.0,حسناً. إذاً تقول شيئاً سنعلم كيف نضيف الكسور. ماذا سنفعل أيضاً؟,حسنا. اذا تقول شيئا سنعلم كيف نضيف الكسور. ماذا سنفعل ايضا؟,11,0.0,False
We’re going to learn how to add fractions.,student,8,2,,0.0,,سوف نتعلم كيف نضيف الكسور,سوف نتعلم كيف نضيف الكسور,5,0.0,False
She just said that.  Yes.,teacher,5,0,0.0,,0.0,لقد قالت هذا للتو - نعم -,لقد قالت هذا للتو - نعم -,5,0.0,False
We’re going to add fractions with unlike denominators.,student,8,3,,0.0,,سنقوم بإضافة الكسور مع أسماء مختلفة.,سنقوم باضافه الكسور مع اسماء مختلفه.,6,0.0,False
What does that mean?  What does that mean to you because I know how to read?  Yes.  So pay attention.,teacher,20,0,0.0,,1.0,ما الذي يعنيه ذلك؟ ما الذي يعنيه لك لأنني أعرف القراءة؟ نعم. لذا انتبه.,ما الذي يعنيه ذلك؟ ما الذي يعنيه لك لانني اعرف القراءه؟ نعم. لذا انتبه.,14,0.0,False
"To me what Student said it means to me like, like you using like tools to solve a problem.",student,19,0,,0.0,,بالنسبة لي ما قاله الطالب يعني لي مثل، مثل استخدام مثل الأدوات لحل مشكلة.,بالنسبه لي ما قاله الطالب يعني لي مثل، مثل استخدام مثل الادوات لحل مشكله.,14,0.0,False
"Okay.  Anybody else?  Anybody else?  Everybody has to contribute.  In order for this to work we all have to work at it.  So yes, Student, do you want to go back again?  Go.",teacher,33,0,0.0,,1.0,حسناً، أي شخص آخر، أي شخص آخر، يجب أن يساهم الجميع، لكي ينجح هذا علينا جميعاً أن نعمل على ذلك.,حسنا، اي شخص اخر، اي شخص اخر، يجب ان يساهم الجميع، لكي ينجح هذا علينا جميعا ان نعمل علي ذلك.,20,0.0,False
I think that means that you’re going to be adding numbers that are fractions that are like uneven.  They’re not the same numbers.,student,23,1,,0.0,,أعتقد أن هذا يعني أنك ستقوم بإضافة الأرقام التي هي كسور غير متساوية,اعتقد ان هذا يعني انك ستقوم باضافه الارقام التي هي كسور غير متساويه,13,0.07692307692307693,True
Okay so you’re saying that we’re going to be adding fractions that are not even?  They’re not even?  Okay.  They’re not even or they are not the same?,teacher,28,1,1.0,,0.0,حسناً إذاً أنت تقول أننا سنقوم بإضافة الكسور التي ليست متساوية؟ هل هي ليست متساوية؟ حسناً، هل هي ليست متساوية أو ليست نفسها؟,حسنا اذا انت تقول اننا سنقوم باضافه الكسور التي ليست متساويه؟ هل هي ليست متساويه؟ حسنا، هل هي ليست متساويه او ليست نفسها؟,23,0.0,False
They’re not equal.,student,3,0,,,,إنهم ليسوا متساوين,انهم ليسوا متساوين,3,0.0,False
You.,teacher,1,0,,,0.0,أنتِ.,انت.,1,0.0,False
And then we’re gonna learn how to solve word problems too.,student,11,0,,0.0,,ومن ثم سوف نتعلم كيفية حل مشاكل الكلمات أيضا.,ومن ثم سوف نتعلم كيفيه حل مشاكل الكلمات ايضا.,9,0.1111111111111111,True
"Let’s say what we’re going to be doing.  So everybody in here when you get up, when I walk around to check your paper everybody should be able to tell me what is that we are doing or what it is you’re supposed to be learning.  Or what it is that you’re learning.  Okay.  Believe me.  Like I said to you I know I how to read but the most important thing is do you know what is that you’re going to learn once the lesson is over?",teacher,88,0,1.0,,0.0,دعونا نقول ما سنفعله. لذلك الجميع هنا عندما تستيقظون، عندما أمشي حولها للتحقق من ورقتكم يجب أن يكون الجميع قادرين على إخبارني ما الذي نقوم به أو ما الذي من المفترض أن تتعلمونه. أو ما الذي تتعلمونه. حسناً. صدقوني. كما قلت لكم أعرف كيف أقرأ ولكن الشيء الأكثر أهمية هو هل تعلمون ما الذي سوف تتعلمونه بمجرد انتهاء الدروس؟,دعونا نقول ما سنفعله. لذلك الجميع هنا عندما تستيقظون، عندما امشي حولها للتحقق من ورقتكم يجب ان يكون الجميع قادرين علي اخبارني ما الذي نقوم به او ما الذي من المفترض ان تتعلمونه. او ما الذي تتعلمونه. حسنا. صدقوني. كما قلت لكم اعرف كيف اقرا ولكن الشيء الاكثر اهميه هو هل تعلمون ما الذي سوف تتعلمونه بمجرد انتهاء الدروس؟,59,0.0,False
Yeah.,multiple students,1,0,,,,-أجل، أجل,-اجل، اجل,2,0.0,False
Okay.  That’s the most important.  Okay.  All right.  Somewhere it says – what’s the word you said?  Not the same?  Not the same.  You say what word I used instead of not the same?,teacher,34,0,,,0.0,حسناً، هذا هو الأكثر أهمية حسناً، حسناً، في مكان ما مكتوب ما هي الكلمة التي قلتها؟ ليست نفسها؟ ليست نفسها. تقولين أي كلمة استخدمتها بدلاً من أنها ليست نفسها؟,حسنا، هذا هو الاكثر اهميه حسنا، حسنا، في مكان ما مكتوب ما هي الكلمه التي قلتها؟ ليست نفسها؟ ليست نفسها. تقولين اي كلمه استخدمتها بدلا من انها ليست نفسها؟,29,0.0,False
Unlike.,multiple students,1,0,,,,على عكس ذلك,علي عكس ذلك,3,0.0,False
Unlike.  Unlike.  You know what [remember seeing the grown ups and just saying not the same?  What did I say?],teacher,20,0,,,0.0,على عكس، على عكس، أتعلم ماذا؟,علي عكس، علي عكس، اتعلم ماذا؟,6,0.0,False
Unlike.,multiple students,1,0,,,,على عكس ذلك,علي عكس ذلك,3,0.0,False
Unlike.  Unlike.  What’s the other word that I’m using?,teacher,9,0,,,0.0,على خلاف، على خلاف، ما هي الكلمة الأخرى التي أستخدمها؟,علي خلاف، علي خلاف، ما هي الكلمه الاخري التي استخدمها؟,10,0.0,False
Denominator.,multiple students,1,1,,,,المسمي.,المسمي.,1,0.0,False
Okay.  Denominator.  Okay.  If you look at the fraction one- half can you identify which is which?  Which one is this one?,teacher,22,2,,,0.0,حسناً، المعارض، حسناً، إذا نظرت إلى الجزء ونصف، هل يمكنك تحديد أي منها هو أي؟,حسنا، المعارض، حسنا، اذا نظرت الي الجزء ونصف، هل يمكنك تحديد اي منها هو اي؟,15,0.0,False
The numerator.,multiple students,2,1,,,,العداد.,العداد.,1,0.0,False
And which one is this?,teacher,5,0,,,0.0,و أيهما هو هذا؟,و ايهما هو هذا؟,4,0.0,False
Denominator.,multiple students,1,1,,,,المسمي.,المسمي.,1,0.0,False
Okay so the lesson for the day is – look at this.  One-third plus one-third.  Are the denominators the same or are they unlike?,teacher,24,1,,,0.0,حسناً إذاً الدروس لهذا اليوم هي  انظروا إلى هذا. واحد ثلث زائد واحد ثلث. هل المطلقات هي نفسها أم أنها مختلفة؟,حسنا اذا الدروس لهذا اليوم هي انظروا الي هذا. واحد ثلث زائد واحد ثلث. هل المطلقات هي نفسها ام انها مختلفه؟,21,0.09523809523809523,True
Alike. The same.,multiple students,3,0,,,,نفس الشيء.,نفس الشيء.,2,0.0,False
Okay.  What – are they the same or are they unlike?,teacher,11,0,,,1.0,حسناً، هل هي نفسها أم تختلف؟,حسنا، هل هي نفسها ام تختلف؟,6,0.0,False
Same?,multiple students,1,0,,,,نفس الشيء؟,نفس الشيء؟,2,0.0,False
Please stop.,teacher,2,0,,,0.0,من فضلك توقف,من فضلك توقف,3,0.0,False
Unlike?,student,1,0,,,,على عكس؟,علي عكس؟,2,0.0,False
"Okay.  Listen to the question.  Are the denominators, are they like or unlike?",teacher,13,1,,,0.0,حسناً، اسمع السؤال، هل المسمّين متشابهون أم غير متشابهين؟,حسنا، اسمع السؤال، هل المسمين متشابهون ام غير متشابهين؟,9,0.0,False
Like.,multiple students,1,0,,,,مثل.,مثل.,1,0.0,False
Okay.  We’re making progress.  So everybody is with me now?,teacher,10,0,,,0.0,حسناً، نحن نحرز تقدماً، إذن الجميع معي الآن؟,حسنا، نحن نحرز تقدما، اذن الجميع معي الان؟,8,0.0,False
Yes.,multiple students,1,0,,,,-أجل، أجل,-اجل، اجل,2,0.0,False
"Okay, everybody is with me?",teacher,5,0,,,0.0,حسناً، هل الجميع معي؟,حسنا، هل الجميع معي؟,4,0.0,False
Yes.,multiple students,1,0,,,,-أجل، أجل,-اجل، اجل,2,0.0,False
"Okay, so this is a slam dunk.  Right.  We go one plus – Okay.  Two – what do you say?",teacher,20,0,,,1.0,حسناً، إذاً هذه ضربة ضخمة، حسناً، سنذهب إلى واحد زائد، حسناً، إثنان، ماذا تقول؟,حسنا، اذا هذه ضربه ضخمه، حسنا، سنذهب الي واحد زائد، حسنا، اثنان، ماذا تقول؟,14,0.0,False
Two-thirds.,multiple students,1,0,,,,ثلثين,ثلثين,1,0.0,False
Okay.  You guys need to go to the dentist because?,teacher,10,0,,,0.0,حسناً، لماذا تريدون الذهاب إلى طبيب الأسنان؟,حسنا، لماذا تريدون الذهاب الي طبيب الاسنان؟,7,0.0,False
Tooth hurts.,multiple students,2,0,,,,الأسنان تؤلم.,الاسنان تؤلم.,2,0.0,False
Say what?,teacher,2,0,,,0.0,أقول ماذا؟,اقول ماذا؟,2,0.0,False
Two-thirds.,multiple students,1,0,,,,ثلثين,ثلثين,1,0.0,False
You got it?  All right.  This is baby stuff right?  But for today what does the lesson say now?  Look at the objectives to see what does it say that we are going to be doing? We’re going to be learning?  You guys know how to read too right?  So now in your own words what do you think we’re gonna be learning?,teacher,63,0,,,0.0,هل فهمت؟ حسناً، هذه أشياء طفولية صحيح؟ ولكن اليوم ماذا تقول الدروس الآن؟ انظر إلى الأهداف لمعرفة ما الذي يقوله أننا سنقوم به؟ سنعلم؟ أنتم تعرفون القراءة بشكل جيد جداً؟ لذا الآن بكلماتكم الخاصة ماذا تعتقدون أننا سنعلم؟,هل فهمت؟ حسنا، هذه اشياء طفوليه صحيح؟ ولكن اليوم ماذا تقول الدروس الان؟ انظر الي الاهداف لمعرفه ما الذي يقوله اننا سنقوم به؟ سنعلم؟ انتم تعرفون القراءه بشكل جيد جدا؟ لذا الان بكلماتكم الخاصه ماذا تعتقدون اننا سنعلم؟,38,0.0,False
We’re gonna be learning problems that have to do with fractions.,student,11,1,,0.0,,سوف نتعلم مشاكل تتعلق بالكسور,سوف نتعلم مشاكل تتعلق بالكسور,5,0.0,False
What kind of fractions?  Fractions that what?,teacher,7,2,1.0,,0.0,أي نوع من الكسور؟,اي نوع من الكسور؟,4,0.0,False
With unlike denominators.,student,3,1,,,,مع أسماء مختلفة.,مع اسماء مختلفه.,3,0.0,False
He’s talking.,teacher,2,0,,,0.0,إنه يتحدث,انه يتحدث,2,0.0,False
The denominators aren’t the same.,student,5,1,,,,الاسماء ليست نفسها,الاسماء ليست نفسها,3,0.0,False
"Very good.  [I’ll use his words.  Is now stop, is not stop you putting it in your own words.]  Because that’s the only way you’re going to remember it because there has been a problem in the past that you sometimes forget things.  But if you put it in your own words you’re going to never forget it.  Everyone understand that?",teacher,61,0,0.0,,0.0,جيد جداً. [سأستخدم كلماته. هل توقف الآن، لا يمنعك عن وضعها بكلماتك الخاصة.] لأن هذه هي الطريقة الوحيدة التي ستذكرها بها لأنه كان هناك مشكلة في الماضي أنك نسيت أشياء في بعض الأحيان. ولكن إذا وضعتها بكلماتك الخاصة لن تنسيها أبداً. الجميع يفهم ذلك؟,جيد جدا. [ساستخدم كلماته. هل توقف الان، لا يمنعك عن وضعها بكلماتك الخاصه.] لان هذه هي الطريقه الوحيده التي ستذكرها بها لانه كان هناك مشكله في الماضي انك نسيت اشياء في بعض الاحيان. ولكن اذا وضعتها بكلماتك الخاصه لن تنسيها ابدا. الجميع يفهم ذلك؟,44,0.0,False
Yes.,multiple students,1,0,,,,-أجل، أجل,-اجل، اجل,2,0.0,False
"Now okay, all right.  I’m going to put a problem on the board and I want you to tell me what is it that you notice about this problem?  Tell me what it is that you notice.  But before you do that I would like you to talk to your partner, okay, three-eight plus – okay – plus one-fourth. Talk to your partner.  Tell me what do you notice about that problem on the board. Okay, what do you notice? Okay.  You’re not doing that.",teacher,85,0,,,0.0,حسناً، حسناً، سأضع مشكلة على اللوح وأريدك أن تخبرني ما الذي لاحظته في هذه المشكلة؟ أخبرني ما الذي لاحظته. ولكن قبل أن تفعل ذلك أود منك أن تتحدث إلى شريكك، حسناً، ثلاثة ثمانية زائد، حسناً، زائد ربع. تحدث إلى شريكك. أخبرني ما الذي لاحظته عن هذه المشكلة على اللوح. حسناً، ماذا لاحظته؟ حسناً، أنت لا تفعل ذلك.,حسنا، حسنا، ساضع مشكله علي اللوح واريدك ان تخبرني ما الذي لاحظته في هذه المشكله؟ اخبرني ما الذي لاحظته. ولكن قبل ان تفعل ذلك اود منك ان تتحدث الي شريكك، حسنا، ثلاثه ثمانيه زائد، حسنا، زائد ربع. تحدث الي شريكك. اخبرني ما الذي لاحظته عن هذه المشكله علي اللوح. حسنا، ماذا لاحظته؟ حسنا، انت لا تفعل ذلك.,57,0.05263157894736842,True
"They are different, the denominator are different.",student,7,1,,,,إنها مختلفة، المطلق مختلف.,انها مختلفه، المطلق مختلف.,4,0.0,False
Different or what word did I use?,teacher,7,0,1.0,,0.0,مختلفة أو أي كلمة استخدمتها؟,مختلفه او اي كلمه استخدمتها؟,5,0.0,False
Unlike.,student,1,0,,,,على عكس ذلك,علي عكس ذلك,3,0.0,False
"What did I use? Okay, okay, what are you noticing? No, I’m not asking that.  Okay, so – you’re not adding right now.  We’re just looking at what you’re noticing.",teacher,30,0,,,0.0,ما الذي استخدمته؟ حسناً، حسناً، ما الذي تلاحظينه؟ لا، أنا لا أسأل ذلك. حسناً، إذاً أنت لا تضيف الآن. نحن فقط ننظر إلى ما تلاحظينه.,ما الذي استخدمته؟ حسنا، حسنا، ما الذي تلاحظينه؟ لا، انا لا اسال ذلك. حسنا، اذا انت لا تضيف الان. نحن فقط ننظر الي ما تلاحظينه.,25,0.0,False
There’s going to be more –,student,6,0,,,,سيكون هناك المزيد,سيكون هناك المزيد,3,0.0,False
Did you hear what I just asked you?  Did you hear what I just asked you?,teacher,16,0,0.0,,0.0,هل سمعت ما سألتك؟,هل سمعت ما سالتك؟,4,0.0,False
Yes.,student,1,0,,,,-أجل، أجل,-اجل، اجل,2,0.0,False
I asked you what is it that you are noticing about the problem right now.  I just said – so you’re going ahead of time. So you already starting to add it?  Is that what you’re saying?  All right.  That’s good.  Keep that in mind.  I’m going to come back to you. What is it that you notice in terms of the denominator and the –,teacher,66,2,,,1.0,سألتك ما الذي تلاحظينه في هذه المشكلة الآن. قلت فقط  لذا أنت  متقدمة في الوقت المناسب. إذاً هل بدأت بالفعل في إضافة ذلك؟ هل هذا ما تقولينه؟ حسناً. هذا جيد. ضع ذلك في اعتبارك. سأعود إليك. ما الذي تلاحظينه من حيث المعادل و ,سالتك ما الذي تلاحظينه في هذه المشكله الان. قلت فقط لذا انت متقدمه في الوقت المناسب. اذا هل بدات بالفعل في اضافه ذلك؟ هل هذا ما تقولينه؟ حسنا. هذا جيد. ضع ذلك في اعتبارك. ساعود اليك. ما الذي تلاحظينه من حيث المعادل و,43,0.023255813953488372,True
Oh that four is half of eight.,student,7,0,,,,هذا الرابع هو نصف ثمانية.,هذا الرابع هو نصف ثمانيه.,5,0.2,True
So you noticed something.  Thank you very much.  Okay so let’s go now – some people will tell me it was something that you noticed okay?  That you noticed right away.  We’re talking about the denominator – unlike denominator.  What is something that you noticed?  Student E?,teacher,47,2,0.0,,1.0,لذا لاحظت شيئاً. شكراً جزيلاً. حسناً لنذهب الآن. بعض الناس سيخبرونني أنه كان شيئاً لاحظته. حسناً؟,لذا لاحظت شيئا. شكرا جزيلا. حسنا لنذهب الان. بعض الناس سيخبرونني انه كان شيئا لاحظته. حسنا؟,16,0.0,False
I noticed that –,student,4,0,,,,لاحظت ذلك,لاحظت ذلك,2,0.0,False
He’s talking.,teacher,2,0,,,0.0,إنه يتحدث,انه يتحدث,2,0.0,False
- in three-eights and one-fourth I noticed the numerator is equal one fourth.  So one forth of the numerator.,student,19,2,,1.0,,في ثمانية ثمانية و ربع واحد لاحظت أن العداد يساوي ربع واحد,في ثمانيه ثمانيه و ربع واحد لاحظت ان العداد يساوي ربع واحد,12,0.4166666666666667,True
Okay.  So the numerator – can anybody help him out?  Help him out.  He needs help.  Do you need help?,teacher,20,1,1.0,,0.0,حسناً، إذاً الرقم يمكن لأي شخص مساعدته، ساعدوه، يحتاج إلى مساعدة، هل تحتاج إلى مساعدة؟,حسنا، اذا الرقم يمكن لاي شخص مساعدته، ساعدوه، يحتاج الي مساعده، هل تحتاج الي مساعده؟,15,0.0,False
Yes.,student,1,0,,,,-أجل، أجل,-اجل، اجل,2,0.0,False
"Okay, he needs help.  Somebody help him out.  Come on guys.",teacher,11,0,,,0.0,حسناً، إنه يحتاج للمساعدة، فليساعده أحدهم.,حسنا، انه يحتاج للمساعده، فليساعده احدهم.,6,0.0,False
[Inaudible.] I noticed that the three-eighths and the one-fourth that the three-eighths –,student,13,0,,1.0,,[غير مسموعة.] لاحظت أن الثلاث ثمانية والرابع أن الثلاثة ثمانية ,[غير مسموعه.] لاحظت ان الثلاث ثمانيه والرابع ان الثلاثه ثمانيه,10,0.2,True
Okay you can tell him [inaudible] outside for a minute.  Tell him what you’re saying.  Okay.  All right.  You step up to the board if you want to.  Whatever.  What is his problem?,teacher,33,0,1.0,,0.0,حسناً، يمكنك أن تخبره بالخارج لدقيقة، قل له ما تقوله، حسناً، يمكنك أن تتقدم إلى اللجنة إذا أردت، مهما كان، ما هي مشكلته؟,حسنا، يمكنك ان تخبره بالخارج لدقيقه، قل له ما تقوله، حسنا، يمكنك ان تتقدم الي اللجنه اذا اردت، مهما كان، ما هي مشكلته؟,23,0.0,False
"What are you trying to say? I’m trying to say that I noticed that three-eighths and the numerator, the bottom – [Inaudible] numerator. Oh, the denominator of the one-fourth, bottom, is equal to the three-eighths.  I mean to the eight. Oh, this is what he’s saying that the four is equal to the eight.",student,54,3,,0.0,,ما الذي تحاول قوله؟ أنا أحاول أن أقول أنني لاحظت أن ثمانية ثمانية و العدادة، أسفل  [لا يمكن سماع] العدادة. أوه، نسمي الرابع، أسفل، يساوي الثمانية الثلاثة. أعني إلى الثمانية. أوه، هذا ما يقوله هو أن أربعة يساوي الثمانية.,ما الذي تحاول قوله؟ انا احاول ان اقول انني لاحظت ان ثمانيه ثمانيه و العداده، اسفل [لا يمكن سماع] العداده. اوه، نسمي الرابع، اسفل، يساوي الثمانيه الثلاثه. اعني الي الثمانيه. اوه، هذا ما يقوله هو ان اربعه يساوي الثمانيه.,39,0.1282051282051282,True
What is he saying?,teacher,4,0,1.0,,1.0,ما الذي يقوله؟,ما الذي يقوله؟,3,0.0,False
"I think he’s trying to say that eight is half of four. No, the other way.  Four is half of eight.",student,21,0,,0.0,,أعتقد أنه يحاول أن يقول أن ثمانية هي نصف أربعة. لا، على العكس. أربعة هي نصف ثمانية.,اعتقد انه يحاول ان يقول ان ثمانيه هي نصف اربعه. لا، علي العكس. اربعه هي نصف ثمانيه.,17,0.23529411764705882,True
So you noticed that.  Okay.  Yes.  So that’s what you noticed. [Inaudible.]  We’re gonna come back to it okay.  But you’re noticing something.  All right.  So I’m going to erase this.  Okay.  Let’s go with somebody else.  What did you notice?,teacher,41,0,0.0,,1.0,إذاً لاحظت ذلك. حسناً. نعم. إذاً هذا ما لاحظته. [غير قابل للسمع] سنعود إلى الأمر حسناً. ولكنك لاحظت شيئاً. حسناً. لذا سأحذف هذا. حسناً. دعنا نذهب مع شخص آخر. ماذا لاحظت؟,اذا لاحظت ذلك. حسنا. نعم. اذا هذا ما لاحظته. [غير قابل للسمع] سنعود الي الامر حسنا. ولكنك لاحظت شيئا. حسنا. لذا ساحذف هذا. حسنا. دعنا نذهب مع شخص اخر. ماذا لاحظت؟,31,0.0,False
I noticed that both denominators of each fraction has different denominators.,student,11,3,,1.0,,لاحظت أن كل من مذكرات كل جزء لديه مذكرات مختلفة.,لاحظت ان كل من مذكرات كل جزء لديه مذكرات مختلفه.,10,0.0,False
Okay.  Very good.  What word did I use?,teacher,8,0,1.0,,0.0,حسناً، جيد جداً ما الكلمة التي استخدمتها؟,حسنا، جيد جدا ما الكلمه التي استخدمتها؟,7,0.0,False
Unlike.,multiple students,1,0,,,,على عكس ذلك,علي عكس ذلك,3,0.0,False
What word are you using?,teacher,5,0,,,0.0,ما هي الكلمة التي تستخدمها؟,ما هي الكلمه التي تستخدمها؟,5,0.0,False
Different.,multiple students,1,0,,,,مختلفة.,مختلفه.,1,0.0,False
Different.  So we noticed that?  Yes?,teacher,6,0,,,0.0,مختلف، هل لاحظنا ذلك؟,مختلف، هل لاحظنا ذلك؟,4,0.0,False
I noticed that the numerators of both fractions are unlike.,student,10,2,,1.0,,لاحظت أن العدادات لكل من الكسور مختلفة.,لاحظت ان العدادات لكل من الكسور مختلفه.,7,0.0,False
Are unlike.  Very good.  What else?  I said that first so you gotta use your own words.,teacher,17,0,1.0,,1.0,أنتِ مختلفة جداً، جيد جداً، ماذا أيضاً؟ قلتُ ذلك أولاً، لذا عليكِ أن تستخدمي كلماتكِ.,انت مختلفه جدا، جيد جدا، ماذا ايضا؟ قلت ذلك اولا، لذا عليك ان تستخدمي كلماتك.,15,0.0,False
Are not the same.,student,4,0,,,,ليست نفسها,ليست نفسها,2,0.0,False
"Are not the same.  Very good.  Different, not the same is the same thing.  So we noticed that right?  And you notice what the objective say?  Solve word problems where we’re adding fractions with unlike denominator.  So now we need to learn – now the next thing we need to learn is how to add them.",teacher,56,3,,,0.0,ليست نفسها. جيد جدا. مختلفة، ليست نفسها هي نفس الشيء. لذلك لاحظنا ذلك صحيح؟ ولاحظ ما يقول الموضوع؟ حل مشاكل الكلمات حيث نحن نضيف الكسور مع مختلف المسمي. لذلك الآن نحن بحاجة إلى تعلم  الآن الشيء التالي الذي نحتاج إلى تعلمه هو كيفية جمعها.,ليست نفسها. جيد جدا. مختلفه، ليست نفسها هي نفس الشيء. لذلك لاحظنا ذلك صحيح؟ ولاحظ ما يقول الموضوع؟ حل مشاكل الكلمات حيث نحن نضيف الكسور مع مختلف المسمي. لذلك الان نحن بحاجه الي تعلم الان الشيء التالي الذي نحتاج الي تعلمه هو كيفيه جمعها.,44,0.022727272727272728,True
So that tells us all the things that we’re going to do is have unlike denominators?,student,16,1,,0.0,,إذاً هذا يخبرنا أن كل الأشياء التي سنقوم بها هي أن يكون لها أسماء مختلفة؟,اذا هذا يخبرنا ان كل الاشياء التي سنقوم بها هي ان يكون لها اسماء مختلفه؟,15,0.0,False
Right.  And then what are you going to have to do with them?,teacher,13,0,1.0,,0.0,حسناً، وماذا ستفعلين معهم؟,حسنا، وماذا ستفعلين معهم؟,4,0.0,False
You’re going to have to –,student,6,0,,,,ستضطرين,ستضطرين,1,0.0,False
Huh?,teacher,1,0,0.0,,0.0,هاه؟,هاه؟,1,0.0,False
Add them.,multiple students,2,1,,,,إضافهم,اضافهم,1,0.0,False
Okay.  Right.  We know that.  But what are we going to do with them?  [What we learn how] to add fractions what are you going to learn to do?,teacher,29,2,,,0.0,حسناً، صحيح، نحن نعلم ذلك، لكن ماذا سنفعل معهم؟,حسنا، صحيح، نحن نعلم ذلك، لكن ماذا سنفعل معهم؟,9,0.0,False
We’re going to [inaudible] word problems.,student,6,0,,,,سنذهب إلى مشاكل الكلمات.,سنذهب الي مشاكل الكلمات.,4,0.0,False
Make or solve them?,teacher,4,0,0.0,,0.0,صنعهم أو حلها؟,صنعهم او حلها؟,3,0.0,False
Solve.,multiple students,1,0,,,,الحل.,الحل.,1,0.0,False
What do you say make?,teacher,5,0,,,0.0,ماذا تقول؟,ماذا تقول؟,2,0.0,False
Solve.,student,1,0,,,,الحل.,الحل.,1,0.0,False
Say what we’re going to do?,teacher,6,0,,,0.0,أخبرني ماذا سنفعل؟,اخبرني ماذا سنفعل؟,3,0.0,False
Solve.,student,1,0,,,,الحل.,الحل.,1,0.0,False
Let me ask you a question.  So if you don’t know how to solve three-eight plus one-fourth did you learn anything at the end of the lesson?,teacher,27,0,,,0.0,اسمحوا لي أن أسألكم سؤال إذا كنتم لا تعرفون كيفية حل ثمانية ثمانية زائد ربع هل تعلمتم أي شيء في نهاية الدروس؟,اسمحوا لي ان اسالكم سؤال اذا كنتم لا تعرفون كيفيه حل ثمانيه ثمانيه زائد ربع هل تعلمتم اي شيء في نهايه الدروس؟,22,0.22727272727272727,True
Yes. No.,student,2,0,,,,أجل، كلاّ,اجل، كلا,2,0.0,False
"Stop.  Student F, he needs help.  How do you help him out?  He needs help.  Excuse me?",teacher,17,0,,,0.0,توقف، الطالب (إف) يحتاج للمساعدة كيف تساعده؟,توقف، الطالب (اف) يحتاج للمساعده كيف تساعده؟,7,0.0,False
The whole lesson is going to be that so you’re not going to learn if you don’t know how to do it.,student,22,1,,0.0,,الدرس كله سيكون ذلك لذا لن تتعلم إذا لم تعرف كيف تفعل ذلك.,الدرس كله سيكون ذلك لذا لن تتعلم اذا لم تعرف كيف تفعل ذلك.,13,0.0,False
What did he just say?,teacher,5,0,0.0,,0.0,ماذا قال للتو؟,ماذا قال للتو؟,3,0.0,False
I didn’t really hear him.,student,5,0,,,,لم أسمعه حقاً,لم اسمعه حقا,3,0.0,False
Right.  You need to pay attention.  This is team work.  You get something out.  This is team work.  We all learn the same. Did you hear what I said?,teacher,29,0,0.0,,0.0,حسناً، عليك الانتباه، هذا العمل الجماعي، تحصل على شيء، هذا العمل الجماعي، كلنا نتعلم الشيء نفسه، هل سمعت ما قلته؟,حسنا، عليك الانتباه، هذا العمل الجماعي، تحصل علي شيء، هذا العمل الجماعي، كلنا نتعلم الشيء نفسه، هل سمعت ما قلته؟,20,0.0,False
Yes.,student,1,0,,,,-أجل، أجل,-اجل، اجل,2,0.0,False
"All right, Student F, go.",teacher,5,0,,,0.0,حسناً، الطالب (ف) ، إذهب,حسنا، الطالب (ف) ، اذهب,5,0.0,False
"Okay, you’re not going to learn  anything at the end of the lesson because the lesson is going to be about solving unlike denominators.  So if you don’t know how to do it you’re not going to learn anything.",student,39,1,,0.0,,حسناً، لن تتعلم أي شيء في نهاية الدروس لأن الدروس ستكون عن الحل على عكس المطلقات. لذا إذا لم تعرف كيف تفعل ذلك لن تتعلم أي شيء.,حسنا، لن تتعلم اي شيء في نهايه الدروس لان الدروس ستكون عن الحل علي عكس المطلقات. لذا اذا لم تعرف كيف تفعل ذلك لن تتعلم اي شيء.,27,0.0,False
"The question that was posed to you, if you don’t know how to add unlike fractions, unlike denominator, at the end of the lesson, are you going to be able to solve problems?",teacher,33,3,1.0,,0.0,السؤال الذي تم طرحه عليك، إذا كنت لا تعرف كيفية إضافة عكس الكسور، عكس المطلق، في نهاية الدروس، هل سوف تكون قادرة على حل المشاكل؟,السؤال الذي تم طرحه عليك، اذا كنت لا تعرف كيفيه اضافه عكس الكسور، عكس المطلق، في نهايه الدروس، هل سوف تكون قادره علي حل المشاكل؟,25,0.08,True
No.,student,1,0,,,,-كلا .,-كلا .,1,0.0,False
Why not?,teacher,2,0,,,1.0,-لماذا لا؟,-لماذا لا؟,2,0.0,False
Because you’re doing fractions with unlike denominators.,student,7,2,,,,لأنك تقوم بعمل الكسور مع أسماء مختلفة.,لانك تقوم بعمل الكسور مع اسماء مختلفه.,7,0.0,False
So if you don’t know how to –,teacher,8,0,0.0,,0.0,لذا إذا كنت لا تعرف كيفية,لذا اذا كنت لا تعرف كيفيه,6,0.0,False
If we don’t know how to do them at the end so we’re not going to do them.,student,18,0,,0.0,,إذا لم نعرف كيف نفعل ذلك في النهاية فلن نفعل ذلك,اذا لم نعرف كيف نفعل ذلك في النهايه فلن نفعل ذلك,11,0.0,False
Then you got a problem.,teacher,5,0,0.0,,0.0,إذاً لديك مشكلة,اذا لديك مشكله,3,0.0,False
Exactly.,student,1,0,,,,-حسناً,-حسنا,1,0.0,False
So what is it that we need to concentrate now?  The whole concentration will be to go to what?,teacher,19,1,,,0.0,إذن ما الذي نحتاج إلى التركيز عليه الآن؟ التركيز كله سيكون للذهاب إلى ماذا؟,اذن ما الذي نحتاج الي التركيز عليه الان؟ التركيز كله سيكون للذهاب الي ماذا؟,14,0.0,False
Adding –,student,2,0,,,,إضافة,اضافه,1,1.0,True
Thank you.  Say it again.,teacher,5,0,,,0.0,شكراً، قل ذلك مرة أخرى.,شكرا، قل ذلك مره اخري.,5,0.0,False
Adding different denominators.,student,3,1,,,,إضافة أسماء مختلفة,اضافه اسماء مختلفه,3,0.3333333333333333,True
Adding – so our whole concentration is going to go where?,teacher,11,1,,,0.0,إضافة  لذلك كل تركيزنا سوف تذهب إلى أين؟,اضافه لذلك كل تركيزنا سوف تذهب الي اين؟,8,0.125,True
Adding unlike denominators.,multiple students,3,1,,,,إضافة أسماء مختلفة,اضافه اسماء مختلفه,3,0.3333333333333333,True
Because once we know how to do this then the game is over.,teacher,13,0,,,0.0,لأنه بمجرد أن نعرف كيف نفعل هذا اللعبة قد انتهت,لانه بمجرد ان نعرف كيف نفعل هذا اللعبه قد انتهت,10,0.0,False
It will be a slam dunk.,student,6,0,,,,سوف يكون هجومًا كبيرًا.,سوف يكون هجوما كبيرا.,4,0.0,False
Say it again?,teacher,3,0,0.0,,0.0,قولها مرة أخرى؟,قولها مره اخري؟,3,0.0,False
It will be a slam dunk.,student,6,0,,,,سوف يكون هجومًا كبيرًا.,سوف يكون هجوما كبيرا.,4,0.0,False
Because why will the problem be a slam dunk?  Why? I haven’t heard from you Student F.,teacher,17,0,1.0,,0.0,لم لا أسمع منك الطالب (ف) ؟,لم لا اسمع منك الطالب (ف) ؟,7,0.0,False
Because we already know how to add different denominators.,student,9,2,,1.0,,لأننا نعلم بالفعل كيفية إضافة المعادلات المختلفة.,لاننا نعلم بالفعل كيفيه اضافه المعادلات المختلفه.,7,0.14285714285714285,True
Why is that going to be our slam dunk?,teacher,9,0,0.0,,0.0,لماذا سيكون هذا غطاءنا؟,لماذا سيكون هذا غطاءنا؟,4,0.0,False
Because we know how to add different denominators.,student,8,2,,1.0,,لأننا نعلم كيفية إضافة المعادلات المختلفة.,لاننا نعلم كيفيه اضافه المعادلات المختلفه.,6,0.16666666666666666,True
"Our energy now is going to learn how to do this right?  And then we’ll just read the problem.  So let’s see.  By looking at those fraction and we’re using, as grown ups say, background knowledge and you’re thinking about things that we learned in the past about fractions.  And you know that you’re going to add these right?  People I’m not trying to turn you into a mathematician, that’s not my job. My job is to get you to use the tools that they use to solve problem. Let’s talk about tools that mathematician, people who study math, use to solve a problem.  Tools – something that they bring to the table?",teacher,113,3,0.0,,0.0,سوف تتعلم طاقتنا الآن كيف نفعل هذا صحيح؟ ومن ثم سنقرأ المشكلة فقط. لذلك دعونا نرى. من خلال النظر إلى تلك الكسور ونستخدم، كما يقول البالغون، المعرفة الخلفية ونحن نفكر في الأشياء التي تعلمناها في الماضي عن الكسور. وأنت تعرف أنك سوف تضيف هذه الحق؟ الناس أنا لا أحاول أن تحويلك إلى رياضي، وهذا ليس عملي. وظيفتي هي أن تجعلك تستخدم الأدوات التي يستخدمونها لحل المشكلة. دعونا نتحدث عن الأدوات التي يستخدمها الرياضيون، الناس الذين يدرسون الرياضيات، لحل المشكلة. الأدوات شيء ما يجلبونها إلى الطاولة؟,سوف تتعلم طاقتنا الان كيف نفعل هذا صحيح؟ ومن ثم سنقرا المشكله فقط. لذلك دعونا نري. من خلال النظر الي تلك الكسور ونستخدم، كما يقول البالغون، المعرفه الخلفيه ونحن نفكر في الاشياء التي تعلمناها في الماضي عن الكسور. وانت تعرف انك سوف تضيف هذه الحق؟ الناس انا لا احاول ان تحويلك الي رياضي، وهذا ليس عملي. وظيفتي هي ان تجعلك تستخدم الادوات التي يستخدمونها لحل المشكله. دعونا نتحدث عن الادوات التي يستخدمها الرياضيون، الناس الذين يدرسون الرياضيات، لحل المشكله. الادوات شيء ما يجلبونها الي الطاوله؟,85,0.0,False
The LCM.,student,2,1,,,,الـ (إل سي إم),ال (ال سي ام),4,0.0,False
Okay.  You need to define – the LCM right?  What does LCM stand for?,teacher,14,2,,,0.0,"حسناً، يجب أن تعرّف الـ""إل سي أم"" صحيحاً؟","حسنا، يجب ان تعرف ال""ال سي ام"" صحيحا؟",9,0.0,False
Lowest common multiple.,student,3,1,,,,أدنى مضاعف شائع,ادني مضاعف شائع,3,0.0,False
Lowest common multiple.  And you guys know what a multiple is right?  Give me a multiple of five?,teacher,18,3,,,0.0,أدنى مضاعفة شائعة. وهل تعرفون ما هو مضاعفة صحيحة؟ أعطني مضاعفة من خمسة؟,ادني مضاعفه شائعه. وهل تعرفون ما هو مضاعفه صحيحه؟ اعطني مضاعفه من خمسه؟,13,0.0,False
"Ten, 15 –",student,3,0,,,,عشرة، 15 ,عشره، 15,1,0.0,False
"Okay, okay, okay.  I got you.  I got you guys okay.  You know that.  Yes?",teacher,15,0,,,0.0,حسناً، حسناً، حسناً، أنا أمسكتكم، أنا أمسكتكم، أنت تعرف ذلك، صحيح؟,حسنا، حسنا، حسنا، انا امسكتكم، انا امسكتكم، انت تعرف ذلك، صحيح؟,11,0.0,False
You gotta understand the question.,student,5,0,,,,يجب أن تفهم السؤال,يجب ان تفهم السؤال,4,0.0,False
I understand the question.  You know what I’m just going to put symbols.  Understand the question.  Right?  What else?,teacher,19,0,1.0,,0.0,أنا أفهم السؤال، أنت تعرف ماذا سأضع الرموز فقط، تفهم السؤال، صحيح؟ ماذا أيضاً؟,انا افهم السؤال، انت تعرف ماذا ساضع الرموز فقط، تفهم السؤال، صحيح؟ ماذا ايضا؟,14,0.0,False
Know your percentage.,student,3,1,,,,تعرف نسبة المئات,تعرف نسبه المئات,3,0.3333333333333333,True
"Yeah, understand what the percent.  See all these things –",teacher,10,1,,,0.0,نعم، فهم ما هو النسبة المئوية. انظر كل هذه الأشياء,نعم، فهم ما هو النسبه المئويه. انظر كل هذه الاشياء,10,0.0,False
Know what kind of fraction –,student,6,1,,,,تعرف أي نوع من الكسور ,تعرف اي نوع من الكسور,5,0.0,False
"Look.  What type of fraction?  What kind?  Okay. [Inaudible] about fraction, about question mark.  Do you understand that?",teacher,18,2,1.0,,0.0,انظروا، أي نوع من الكسور؟ أي نوع؟ حسناً، حول الكسور، حول علامة السؤال، هل تفهمون ذلك؟,انظروا، اي نوع من الكسور؟ اي نوع؟ حسنا، حول الكسور، حول علامه السؤال، هل تفهمون ذلك؟,16,0.0,False
Yeah.,multiple students,1,0,,,,-أجل، أجل,-اجل، اجل,2,0.0,False
Tell me what kind of what?,teacher,6,0,,,0.0,أخبرني نوع من ماذا؟,اخبرني نوع من ماذا؟,4,0.0,False
What kind of fraction.,multiple students,4,1,,,,أي نوع من الكسور.,اي نوع من الكسور.,4,0.0,False
So it could be an improper fraction or –,teacher,9,1,,,0.0,لذلك يمكن أن تكون كسر غير مناسب أو ,لذلك يمكن ان تكون كسر غير مناسب او,8,0.125,True
Proper.,multiple students,1,0,,,,حسناً.,حسنا.,1,0.0,False
Proper.  All right.  Right.  [For fractions we don’t like] denominators like we have here.  Yes.  I only got five more minutes.  Yes.,teacher,22,2,,,0.0,صحيح. حسناً. حسناً. حسناً. نسمة مثل هذه لدينا هنا. نعم. لدي خمس دقائق فقط. نعم.,صحيح. حسنا. حسنا. حسنا. نسمه مثل هذه لدينا هنا. نعم. لدي خمس دقائق فقط. نعم.,15,0.06666666666666667,True
You gotta know the whole number.,student,6,1,,,,يجب أن تعرف الرقم بأكمله,يجب ان تعرف الرقم باكمله,5,0.0,False
What were you going to say?  You agree with him or disagree?,teacher,12,0,0.0,,1.0,ماذا كنت ستقول هل توافقين عليه أم لا؟,ماذا كنت ستقول هل توافقين عليه ام لا؟,8,0.0,False
Agree.,multiple students,1,0,,,,أوافقك,اوافقك,1,0.0,False
Huh?,teacher,1,0,,,0.0,هاه؟,هاه؟,1,0.0,False
Agree.,multiple students,1,0,,,,أوافقك,اوافقك,1,0.0,False
I can’t hear you.,teacher,4,0,,,0.0,لا أستطيع سماعك,لا استطيع سماعك,3,0.0,False
Agree.,multiple students,1,0,,,,أوافقك,اوافقك,1,0.0,False
Okay.  So you need to know the whole number.  Okay.  Once you know the whole number what word did you use?,teacher,21,2,,,0.0,حسناً، يجب أن تعرف الرقم الكامل، حسناً، بمجرد أن تعرف الرقم الكامل، ما هي الكلمة التي استخدمتها؟,حسنا، يجب ان تعرف الرقم الكامل، حسنا، بمجرد ان تعرف الرقم الكامل، ما هي الكلمه التي استخدمتها؟,17,0.0,False
The whole game is over.,student,5,1,,,,انتهت اللعبة بأكملها,انتهت اللعبه باكملها,3,0.0,False
No but the –,teacher,4,0,0.0,,0.0,لا ولكن ,لا ولكن,2,0.0,False
It’s a slam dunk.,student,4,0,,,,إنّه غطس قذف.,انه غطس قذف.,3,0.0,False
"It’s a slam dunk.  So do you agree that mathematicians, people who study math, do you agree that these are the tools that they use?",teacher,25,0,,,0.0,هل توافقون على أن الرياضيين، الأشخاص الذين يدرسون الرياضيات، هل توافقون على أن هذه هي الأدوات التي يستخدمونها؟,هل توافقون علي ان الرياضيين، الاشخاص الذين يدرسون الرياضيات، هل توافقون علي ان هذه هي الادوات التي يستخدمونها؟,18,0.0,False
Yes.,multiple students,1,0,,,,-أجل، أجل,-اجل، اجل,2,0.0,False
Okay.  So this is the tools that we are going to use to solve this problem.  Okay?  Yes?,teacher,18,0,,,0.0,حسناً، هذه هي الأدوات التي سنستخدمها لحل هذه المشكلة,حسنا، هذه هي الادوات التي سنستخدمها لحل هذه المشكله,9,0.0,False
And estimating.,student,2,1,,,,وتقديرات,وتقديرات,1,0.0,False
"Oh, did you hear what she said?",teacher,7,0,,,1.0,هل سمعت ما قالته؟,هل سمعت ما قالته؟,4,0.0,False
Estimating.,multiple students,1,1,,,,التقدير.,التقدير.,1,0.0,False
Estimating.,teacher,1,1,,,0.0,التقدير.,التقدير.,1,0.0,False
You gotta know if it’s more than one or less.,student,10,0,,0.0,,يجب أن تعرف إذا كان أكثر من واحد أو أقل.,يجب ان تعرف اذا كان اكثر من واحد او اقل.,10,0.0,False
"Okay, say it again.",teacher,4,0,0.0,,0.0,حسنا، قل ذلك مرة أخرى.,حسنا، قل ذلك مره اخري.,5,0.0,False
You gotta know if it’s more than one or less.,student,10,0,,0.0,,يجب أن تعرف إذا كان أكثر من واحد أو أقل.,يجب ان تعرف اذا كان اكثر من واحد او اقل.,10,0.0,False
To estimate.  Because you need to know if –,teacher,9,1,0.0,,0.0,لتقدير. لأنك تحتاج إلى معرفة ما إذا ,لتقدير. لانك تحتاج الي معرفه ما اذا,7,0.0,False
More or less.,student,3,0,,,,أكثر أو أقل,اكثر او اقل,3,0.0,False
"- it’s going to be a whole [inaudible] on the whole thing.  All right.  Okay.  So can I erase that?  But before that – tools that we’re gonna use – not me, you’re gonna use.",teacher,35,2,,,0.0,حسناً، هل يمكنني حذف ذلك؟ لكن قبل ذلك، أدوات سنستخدمها، ليس أنا، ستستخدمها أنت.,حسنا، هل يمكنني حذف ذلك؟ لكن قبل ذلك، ادوات سنستخدمها، ليس انا، ستستخدمها انت.,14,0.0,False
"Estimate, whole numbers, LCM, understand that question, [inaudible].",multiple students,8,3,,0.0,,تقدير، الأرقام الكاملة، LCM، فهم هذا السؤال، [غير مستمع].,تقدير، الارقام الكامله، LCM، فهم هذا السؤال، [غير مستمع].,9,0.0,False
"Okay, what kind of fraction is this?",teacher,7,1,0.0,,0.0,حسناً، ما هذا النوع من الجزء؟,حسنا، ما هذا النوع من الجزء؟,6,0.0,False
Improper.  Proper.,multiple students,2,0,,,,غير صحيح، صحيح,غير صحيح، صحيح,3,0.0,False
So we agree – can I get rid of this?,teacher,10,0,,,0.0,إذاً نحن متفقون هل يمكنني التخلص من هذا؟,اذا نحن متفقون هل يمكنني التخلص من هذا؟,8,0.0,False
Yes.,multiple students,1,0,,,,-أجل، أجل,-اجل، اجل,2,0.0,False
Okay.  So now do you have tools now to work with?,teacher,11,0,,,0.0,حسناً، هل لديك أدوات للعمل معها الآن؟,حسنا، هل لديك ادوات للعمل معها الان؟,7,0.0,False
Yes.,multiple students,1,0,,,,-أجل، أجل,-اجل، اجل,2,0.0,False
Okay.  All right.  We’re going to use some of the tools here. Okay.  Three-eighths plus one-eighths.  Think about that. Can anybody say what three-eighths?  What can you say to me about three-eighths?,teacher,32,0,,,1.0,حسناً. حسناً. سنستخدم بعض الأدوات هنا. حسناً. ثلاثة ثمانية زائد ثمانية واحدة. فكر في ذلك. هل يمكن لأي شخص أن يقول أي ثمانية ثلاثة؟ ماذا يمكنك أن تقول لي عن ثمانية ثلاثة؟,حسنا. حسنا. سنستخدم بعض الادوات هنا. حسنا. ثلاثه ثمانيه زائد ثمانيه واحده. فكر في ذلك. هل يمكن لاي شخص ان يقول اي ثمانيه ثلاثه؟ ماذا يمكنك ان تقول لي عن ثمانيه ثلاثه؟,32,0.1875,True
I know.,student,2,0,,,,-أعلم ذلك,-اعلم ذلك,2,0.0,False
"Yes, Student.",teacher,2,0,,,0.0,نعم، الطالب.,نعم، الطالب.,2,0.0,False
The three-eighths –,student,3,0,,,,ثلاثة ثمانية ,ثلاثه ثمانيه,2,1.0,True
"No, Student.",teacher,2,0,,,0.0,لا، الطالب.,لا، الطالب.,2,0.0,False
[Aren’t you supposed to] simplify it?,student,6,1,,,,أليس من المفترض أن تبسط الأمر؟,اليس من المفترض ان تبسط الامر؟,6,0.0,False
Okay.  Not simplify.  You can break it apart.  Okay?  So what would be – three-eighths?  If you break it apart what would it be?,teacher,24,1,1.0,,1.0,حسناً، ليس ببساطة، يمكنك كسرها، حسناً، ما هي ثمانية ثمانية؟ إذا كسرناها، ما هي؟,حسنا، ليس ببساطه، يمكنك كسرها، حسنا، ما هي ثمانيه ثمانيه؟ اذا كسرناها، ما هي؟,14,0.07142857142857142,True
Two-eighths and one-eighth.,student,3,0,,,,اثنان ثمانية و واحد ثمانية.,اثنان ثمانيه و واحد ثمانيه.,5,0.4,True
So you could do –,teacher,5,0,,,0.0,لذلك يمكنك أن تفعل ,لذلك يمكنك ان تفعل,4,0.0,False
Two-eighths.,student,1,0,,,,اثنان ثمانية.,اثنان ثمانيه.,2,0.5,True
And one-eighth.  Boom and that is three- eighths.  Can you break it some other way?  Can you turn it into a percent?,teacher,22,1,,,0.0,و ثمانية ثمانية ثمانية ثمانية ثمانية ثمانية ثمانية ثمانية ثمانية,و ثمانيه ثمانيه ثمانيه ثمانيه ثمانيه ثمانيه ثمانيه ثمانيه ثمانيه,10,0.9,True
yes.,multiple students,1,0,,,,-أجل، أجل,-اجل، اجل,2,0.0,False
What would it be?,teacher,4,0,,,0.0,ماذا سيكون؟,ماذا سيكون؟,2,0.0,False
Two-eighths –,student,2,0,,,,اثنان ثمانية ,اثنان ثمانيه,2,1.0,True
"Okay, you already talked.  Give somebody a chance.  Hey, Student, what would three eighths be in percent?  Yes?",teacher,18,1,,,0.0,حسناً، لقد تحدثتِ بالفعل، أعطِ أحداً فرصة يا طالب، ما مقدار ثلث ثمانية في المئة؟,حسنا، لقد تحدثت بالفعل، اعط احدا فرصه يا طالب، ما مقدار ثلث ثمانيه في المئه؟,15,0.13333333333333333,True
thirty-three and one half.  Thirty three –,student,7,0,,,,ثلاثون وثلاثون ونصف,ثلاثون وثلاثون ونصف,3,0.3333333333333333,True
Thirty-three or 37?,teacher,3,0,1.0,,0.0,ثلاثون أو ثلاثون؟,ثلاثون او ثلاثون؟,3,0.3333333333333333,True
Thirty-seven.,multiple students,1,0,,,,سبعة وثلاثون,سبعه وثلاثون,2,0.5,True
Huh?,teacher,1,0,,,0.0,هاه؟,هاه؟,1,0.0,False
Thirty-seven and one-half.,multiple students,3,0,,,,سبعة وثلاثون ونصف,سبعه وثلاثون ونصف,3,0.3333333333333333,True
How did you figure that out?  I just said a number to see if you guys would – how did you figure that out?,teacher,24,0,,,1.0,أنا فقط قلت رقم لمعرفة ما إذا كنتم ستفعلون كيف عرفتم ذلك؟,انا فقط قلت رقم لمعرفه ما اذا كنتم ستفعلون كيف عرفتم ذلك؟,12,0.0,False
Because I know my percents.,student,5,1,,,,لأنني أعرف النسبة المئوية,لانني اعرف النسبه المئويه,4,0.0,False
"Okay, go ahead.",teacher,3,0,0.0,,0.0,حسناً، هيّا,حسنا، هيا,2,0.0,False
Because I know that one-eighth is equal to twelve and one half. So then I consider then adding them into three.,student,21,0,,1.0,,لأني أعرف أن ثمانية تساوي اثني عشر ونصف، لذا فكرت بعد ذلك في إضافة إلى ثلاثة.,لاني اعرف ان ثمانيه تساوي اثني عشر ونصف، لذا فكرت بعد ذلك في اضافه الي ثلاثه.,16,0.1875,True
"Okay, very good.  So you know that.  So now if you look at that – if you just look at that problem.  What’s one thing – remember the tools?  So what can you use – what can you say about this?  Let’s think about maybe percent –",teacher,47,1,0.0,,1.0,حسناً ، جيد جداً. إذاً أنت تعرف ذلك. إذاً الآن إذا نظرت إلى ذلك  إذا نظرت إلى هذه المشكلة. ما هو شيء واحد  تذكر الأدوات؟ إذاً ما الذي يمكنك استخدامه  ما الذي يمكنك قوله حول هذا؟ دعونا نفكر في,حسنا ، جيد جدا. اذا انت تعرف ذلك. اذا الان اذا نظرت الي ذلك اذا نظرت الي هذه المشكله. ما هو شيء واحد تذكر الادوات؟ اذا ما الذي يمكنك استخدامه ما الذي يمكنك قوله حول هذا؟ دعونا نفكر في,39,0.0,False
We know it’s 37 –,student,5,0,,,,نحن نعلم أنه 37,نحن نعلم انه 37,3,0.0,False
"All right.  Anybody?  Stop yelling things out because I’m going to ask you to back it up.  All right? Hollarman return to the lab cluster. Okay, they don’t know we are recording.  All right.  [That office.]  Yes.",teacher,37,0,0.0,,0.0,حسناً، أي شخص؟ توقف عن الصراخ لأنني سأطلب منك أن تدعم ذلك حسناً؟ هولرمان) يعود إلى المختبر) حسناً، إنهم لا يعرفون أننا نقوم بتسجيل) حسناً، ذلك المكتب) نعم,حسنا، اي شخص؟ توقف عن الصراخ لانني ساطلب منك ان تدعم ذلك حسنا؟ هولرمان) يعود الي المختبر) حسنا، انهم لا يعرفون اننا نقوم بتسجيل) حسنا، ذلك المكتب) نعم,28,0.0,False
We need to find the lowest common multiple.,student,8,1,,0.0,,نحن بحاجة إلى العثور على أدنى المتعدد المشترك.,نحن بحاجه الي العثور علي ادني المتعدد المشترك.,8,0.0,False
Okay.  We need to – to add a [multiple] we need make these the same.  Okay.  All right.  What other thing do we need to keep in mind? Yes.,teacher,29,2,1.0,,0.0,حسناً، علينا أن نضيف  لـ [عدد] نحتاج أن نجعل هذه نفسها. حسناً. حسناً. ما شيء آخر نحتاج أن نضع به في الاعتبار؟ نعم.,حسنا، علينا ان نضيف ل [عدد] نحتاج ان نجعل هذه نفسها. حسنا. حسنا. ما شيء اخر نحتاج ان نضع به في الاعتبار؟ نعم.,23,0.0,False
The whole number.,student,3,1,,,,الرقم بأكمله,الرقم باكمله,2,0.0,False
We need to see – tell me about the whole number?  Can you say something about the whole number?,teacher,19,2,,,1.0,نحن بحاجة لرؤية  أخبرني عن الرقم الكامل؟ هل يمكنك أن تقول شيئا عن الرقم الكامل؟,نحن بحاجه لرؤيه اخبرني عن الرقم الكامل؟ هل يمكنك ان تقول شيئا عن الرقم الكامل؟,15,0.0,False
If its’ less –,student,4,0,,,,إذا كان  أقل ,اذا كان اقل,3,0.0,False
Very good.  Say it again.,teacher,5,0,,,0.0,جيد جداً، قلها ثانيةً,جيد جدا، قلها ثانيه,4,0.0,False
If it’s less or more than the whole number.,student,9,1,,0.0,,إذا كان أقل أو أكثر من العدد الكامل,اذا كان اقل او اكثر من العدد الكامل,8,0.0,False
We’re gonna find out if this is?,teacher,7,0,0.0,,0.0,هل سنكتشف إن كان هذا صحيحاً؟,هل سنكتشف ان كان هذا صحيحا؟,6,0.0,False
Less or more than the whole number.,student,7,1,,,,أقل أو أكثر من العدد الكامل,اقل او اكثر من العدد الكامل,6,0.0,False
"How could you – what can you do to see if this is more or less than the whole number?  What can you do?  Student F, I don’t see you paying attention.  So I’m gonna – no, this is for Student F.  Student F, can anybody tell him the question?",teacher,50,1,1.0,,1.0,كيف يمكنك  ماذا يمكنك أن تفعل لمعرفة ما إذا كان هذا أكبر أو أقل من العدد الكامل؟ ماذا يمكنك أن تفعل؟ الطالب F، أنا لا أرى أنك تتابع الانتباه. لذلك سوف  لا، هذا للطالب F. الطالب F، هل يمكن لأي شخص أن يوضح له السؤال؟,كيف يمكنك ماذا يمكنك ان تفعل لمعرفه ما اذا كان هذا اكبر او اقل من العدد الكامل؟ ماذا يمكنك ان تفعل؟ الطالب F، انا لا اري انك تتابع الانتباه. لذلك سوف لا، هذا للطالب F. الطالب F، هل يمكن لاي شخص ان يوضح له السؤال؟,44,0.0,False
"Okay, what can you do to solve that problem to know if it’s more or less than a whole number?",student,20,1,,0.0,,حسنا، ما الذي يمكنك القيام به لحل هذه المشكلة لمعرفة ما إذا كان أكثر أو أقل من عدد كامل؟,حسنا، ما الذي يمكنك القيام به لحل هذه المشكله لمعرفه ما اذا كان اكثر او اقل من عدد كامل؟,19,0.0,False
What can you do?,teacher,4,0,1.0,,0.0,ما الذي يمكنك فعله؟,ما الذي يمكنك فعله؟,4,0.0,False
You can see the different – if this is an unlike denominator problem you can see what the lowest common number is –,student,23,1,,0.0,,يمكنك أن ترى الاختلاف  إذا كان هذا هو مشكلة مختلفة عن المسمي يمكنك أن ترى ما هو أدنى عدد شائع ,يمكنك ان تري الاختلاف اذا كان هذا هو مشكله مختلفه عن المسمي يمكنك ان تري ما هو ادني عدد شائع,20,0.0,False
"Okay, let me ask you a question.  Do you under – what problem do you use happening right now?",teacher,19,0,0.0,,0.0,حسناً، دعني أسألك سؤالاً، هل تفهم ما هي المشكلة التي تستخدمها في الوقت الحالي؟,حسنا، دعني اسالك سؤالا، هل تفهم ما هي المشكله التي تستخدمها في الوقت الحالي؟,14,0.0,False
Can I help him?,student,4,0,,,,هل يمكنني مساعدته؟,هل يمكنني مساعدته؟,3,0.0,False
Say it again? So you see what happened?,teacher,8,0,,,1.0,هل رأيت ما حدث؟,هل رايت ما حدث؟,4,0.0,False
He doesn’t understand what we asked him.,student,7,0,,,,إنه لا يفهم ما سألته,انه لا يفهم ما سالته,5,0.0,False
Are they right or are they wrong?,teacher,7,0,0.0,,0.0,هل هم على حق أم على خطأ؟,هل هم علي حق ام علي خطا؟,7,0.0,False
They’re right.,student,2,0,,,,إنهم على حق,انهم علي حق,3,0.0,False
What are they right about?,teacher,5,0,,,0.0,حول ماذا هم على حق؟,حول ماذا هم علي حق؟,5,0.0,False
That I’m not understanding the question.,student,6,0,,,,أنني لا أفهم السؤال,انني لا افهم السؤال,4,0.0,False
So if you gonna be a mathematician and you’re gonna think like a mathematician and you’re gonna solve problems what is one of the tools you’re gonna need to help?,teacher,30,0,0.0,,1.0,إذاً إذا كنت ستصبح رياضيًا وتفكّر مثل رياضيًا وتحلّي المشاكل، ما هي إحدى الأدوات التي ستحتاج إليها لمساعدتك؟,اذا اذا كنت ستصبح رياضيا وتفكر مثل رياضيا وتحلي المشاكل، ما هي احدي الادوات التي ستحتاج اليها لمساعدتك؟,18,0.0,False
Understanding the question.,student,3,0,,,,فهم السؤال.,فهم السؤال.,2,0.0,False
Very good.  All right.  Yes?,teacher,5,0,,,0.0,جيد جداً، حسناً، أجل,جيد جدا، حسنا، اجل,4,0.0,False
"I think to solve the problem, to know if it is less or more than the whole number you could use a percentage like turn both fractions into percent and add them and see what –",student,36,5,,0.0,,أعتقد أنه لحل المشكلة، لمعرفة ما إذا كان أقل أو أكثر من العدد الكامل يمكنك استخدام نسبة مثل تحويل كليهما إلى نسبة ونضيفهما ونرى ما ,اعتقد انه لحل المشكله، لمعرفه ما اذا كان اقل او اكثر من العدد الكامل يمكنك استخدام نسبه مثل تحويل كليهما الي نسبه ونضيفهما ونري ما,25,0.12,True
"Okay so you hear what he said?  Okay.  Student E, what did he say?",teacher,14,0,1.0,,1.0,حسناً، هل سمعت ما قاله؟ حسناً، الطالب (اي) ، ماذا قال؟,حسنا، هل سمعت ما قاله؟ حسنا، الطالب (اي) ، ماذا قال؟,11,0.0,False
He said that you need to change the two fractions into percentage and add them.,student,15,3,,0.0,,قال أنك تحتاج إلى تغيير الفروقتين إلى نسبة مئوية وأضافها.,قال انك تحتاج الي تغيير الفروقتين الي نسبه مئويه واضافها.,10,0.2,True
Okay and then that would give you an idea.  Okay. Right but that’s what they’re saying.  That’s what they’re saying to do.  All right.  So two-eighths and she said it’s 37.  What did you say?,teacher,35,0,1.0,,1.0,حسناً، وهذا يعطيك فكرة. حسناً. حسناً، لكن هذا ما يقالونه. هذا ما يقالونه. حسناً. إذاً ثمانية ثمانية، وقالت إنها 37، ماذا قلت؟,حسنا، وهذا يعطيك فكره. حسنا. حسنا، لكن هذا ما يقالونه. هذا ما يقالونه. حسنا. اذا ثمانيه ثمانيه، وقالت انها 37، ماذا قلت؟,22,0.045454545454545456,True
Thirty-seven-and-a-half.,student,1,0,,,,سبعة وثلاثون ونصف,سبعه وثلاثون ونصف,3,0.3333333333333333,True
Thirty-seven and one half plus 25 percent so we know its’ going to be less than –,teacher,17,1,,,0.0,37 ونصف زائد 25 ٪ لذلك نحن نعلم ان  سوف تكون أقل من ,37 ونصف زائد 25 ٪ لذلك نحن نعلم ان سوف تكون اقل من,11,0.07692307692307693,True
Less than one.,student,3,0,,,,أقل من واحد,اقل من واحد,3,0.0,False
Less than one right?,teacher,4,0,,,0.0,أقل من واحد، صحيح؟,اقل من واحد، صحيح؟,4,0.0,False
Thirty-two and one half percent.,student,5,1,,,,32 ونصف بالمئة,32 ونصف بالمئه,2,0.0,False
Right.,teacher,1,0,0.0,,0.0,-حسناً,-حسنا,1,0.0,False
[Inaudible],student,1,0,,,,[غير مسموع],[غير مسموع],2,0.0,False
All right.  So we understand now?  All right.  So are you guys ready to work?,teacher,15,0,,,0.0,حسناً، هل فهمنا الآن؟ حسناً، هل أنتم مستعدون للعمل؟,حسنا، هل فهمنا الان؟ حسنا، هل انتم مستعدون للعمل؟,9,0.0,False
Yeah.,multiple students,1,0,,,,-أجل، أجل,-اجل، اجل,2,0.0,False
"All right so let’s – all right.  Okay, now we need to make this boom – okay.  Somebody say what do we need to find?",teacher,25,0,,,0.0,حسناً، دعونا نعمل على هذا الانفجار حسناً، أخبرني أحد ما الذي نحتاج إليه؟,حسنا، دعونا نعمل علي هذا الانفجار حسنا، اخبرني احد ما الذي نحتاج اليه؟,13,0.0,False
Lowest common multiple.,multiple students,3,1,,,,أدنى مضاعف شائع,ادني مضاعف شائع,3,0.0,False
Lowest common.  So you guys know something.  Okay.  All right. How do you –what’s easy to do?  I mean if you could – what’s easy to do?,teacher,27,0,,,1.0,أقل شيوعًا. إذاً أنتم تعرفون شيئاً. حسناً. حسناً. كيف يمكنك فعل ما هو سهل؟ أعني إذا استطعتم فعل ما هو سهل؟,اقل شيوعا. اذا انتم تعرفون شيئا. حسنا. حسنا. كيف يمكنك فعل ما هو سهل؟ اعني اذا استطعتم فعل ما هو سهل؟,21,0.0,False
I know.,student,2,0,,,,-أعلم ذلك,-اعلم ذلك,2,0.0,False
Listen.  I only got two more minutes and then you guys are gonna pick up the shovel and get to work.  All right. Student E and then Student F.,teacher,29,0,,,0.0,اسمع، لديّ دقيقتان فقط بعد ذلك ستلتقطون المنجرة و ستبدأون بالعمل، الطالب (إي) ثم الطالب (ف),اسمع، لدي دقيقتان فقط بعد ذلك ستلتقطون المنجره و ستبداون بالعمل، الطالب (اي) ثم الطالب (ف),16,0.0,False
You can – first you need to add the – you need to get to the number you want first.,student,20,1,,0.0,,يمكنك  أولا تحتاج إلى إضافة  تحتاج إلى الوصول إلى الرقم الذي تريده أولا.,يمكنك اولا تحتاج الي اضافه تحتاج الي الوصول الي الرقم الذي تريده اولا.,13,0.07692307692307693,True
What do you mean?,teacher,4,0,0.0,,1.0,ما الذي تعنيه؟,ما الذي تعنيه؟,3,0.0,False
Like you need to –,student,5,0,,,,مثلما تحتاجين,مثلما تحتاجين,2,0.0,False
"Student F is going to help you out.  Student F, help him out.",teacher,13,0,0.0,,0.0,الطالب (ف) سيساعدك الطالب (ف) ساعده,الطالب (ف) سيساعدك الطالب (ف) ساعده,6,0.0,False
You can find the multiple by doing – finding the multiples of the number.,student,14,2,,0.0,,يمكنك العثور على المتعدد عن طريق عمل  العثور على المتعددات من الرقم.,يمكنك العثور علي المتعدد عن طريق عمل العثور علي المتعددات من الرقم.,12,0.0,False
What number would you choose first?,teacher,6,0,0.0,,1.0,أي رقم ستختارينه أولاً؟,اي رقم ستختارينه اولا؟,4,0.0,False
I choose eight.,student,3,0,,,,اخترت ثمانية,اخترت ثمانيه,2,0.5,True
Eight?,teacher,1,0,,,0.0,ثمانية؟,ثمانيه؟,1,0.0,False
"No, no, four.",student,3,0,,,,لا، لا، أربعة.,لا، لا، اربعه.,3,0.0,False
Four?,teacher,1,0,,,0.0,أربعة؟,اربعه؟,1,0.0,False
Eight.,student,1,0,,,,ثمانية,ثمانيه,1,1.0,True
Eight?,teacher,1,0,,,0.0,ثمانية؟,ثمانيه؟,1,0.0,False
Twelve.,student,1,0,,,,اثني عشر,اثني عشر,2,0.5,True
"Twelve. Four, eight, twelve.  And then – [inaudible]",teacher,8,0,,,0.0,اثنا عشر. أربعة، ثمانية، اثنا عشر. ثم  [غير مسموع],اثنا عشر. اربعه، ثمانيه، اثنا عشر. ثم [غير مسموع],9,0.0,False
Eight.,student,1,0,,,,ثمانية,ثمانيه,1,1.0,True
You guys [inaudible].,teacher,3,0,,,0.0,أنتم يا رفاق [غير مستمع].,انتم يا رفاق [غير مستمع].,5,0.0,False
Sixteen.,student,1,0,,,,ستة عشر,سته عشر,2,1.5,True
What do you notice right away?,teacher,6,0,,,1.0,ماذا لاحظت على الفور؟,ماذا لاحظت علي الفور؟,4,0.0,False
Eight.,multiple students,1,0,,,,ثمانية,ثمانيه,1,1.0,True
All right.  So I’m going to –,teacher,7,0,,,0.0,حسناً، لذا سأذهب,حسنا، لذا ساذهب,3,0.0,False
Circle the eight.,student,3,1,,,,حلقة الثامنة.,حلقه الثامنه.,2,0.0,False
"Boom.  All right, so you see three-eighths?",teacher,7,0,,,0.0,حسناً، هل ترى ثلث ثمانية؟,حسنا، هل تري ثلث ثمانيه؟,5,0.2,True
Yes.,multiple students,1,0,,,,-أجل، أجل,-اجل، اجل,2,0.0,False
"Three-eighths, right?",teacher,2,0,,,0.0,ثلاثة ثمانية، أليس كذلك؟,ثلاثه ثمانيه، اليس كذلك؟,4,0.25,True
Yeah.,multiple students,1,0,,,,-أجل، أجل,-اجل، اجل,2,0.0,False
What number – what goes here?,teacher,6,0,,,0.0,ما هو الرقم؟ ما الذي يكتب هنا؟,ما هو الرقم؟ ما الذي يكتب هنا؟,7,0.0,False
Eight.,multiple students,1,0,,,,ثمانية,ثمانيه,1,1.0,True
"So I need to put something here, a number here that’s going to be equivalent –",teacher,16,1,,,0.0,لذا أنا بحاجة لوضع شيء هنا، رقم هنا,لذا انا بحاجه لوضع شيء هنا، رقم هنا,8,0.0,False
Two.,multiple students,1,0,,,,اثنان.,اثنان.,1,0.0,False
- to one-fourth.,teacher,3,0,,,0.0,-إلى ربع,-الي ربع,2,0.5,True
Two.,multiple students,1,0,,,,اثنان.,اثنان.,1,0.0,False
Okay.  You sure?,teacher,3,0,,,0.0,حسناً، هل أنت متأكد؟,حسنا، هل انت متاكد؟,4,0.0,False
Yes.,multiple students,1,0,,,,-أجل، أجل,-اجل، اجل,2,0.0,False
All right.,teacher,2,0,,,0.0,-حسناً,-حسنا,1,0.0,False
Two.,student,1,0,,,,اثنان.,اثنان.,1,0.0,False
All right.  Stop.  I’m not sure if that’s correct.  What can I do?  Go.  Stop.  I’m not sure.  What can you do?,teacher,22,0,,,0.0,حسناً، توقف، لست متأكداً إن كان هذا صحيحاً، ماذا يمكنني أن أفعل؟ اذهب، توقف، لست متأكداً، ماذا يمكنك أن تفعل؟,حسنا، توقف، لست متاكدا ان كان هذا صحيحا، ماذا يمكنني ان افعل؟ اذهب، توقف، لست متاكدا، ماذا يمكنك ان تفعل؟,20,0.0,False
Two goes into eight – Or you could multiply.,student,9,1,,1.0,,اثنان يساوي ثمانية  أو يمكنك مضاعفة,اثنان يساوي ثمانيه او يمكنك مضاعفه,6,0.5,True
I’m sorry.,teacher,2,0,0.0,,0.0,أنا آسفة.,انا اسفه.,2,0.0,False
Two goes into two one time.,student,6,0,,,,اثنان يذهب إلى اثنين مرة واحدة.,اثنان يذهب الي اثنين مره واحده.,6,0.16666666666666666,True
So what do you call what you just did? Okay.  So –,teacher,12,0,0.0,,1.0,إذاً كيف تسمي ما فعلته للتو؟ حسناً.,اذا كيف تسمي ما فعلته للتو؟ حسنا.,7,0.0,False
You could change it to percentage.,student,6,1,,,,يمكنك تغييرها إلى نسبة مئوية.,يمكنك تغييرها الي نسبه مئويه.,5,0.2,True
"All right but right now – see that’s the thing.  One thing about you guys, don’t start turning everything percent because – do you remember how one time we were doing a problem and what did they ask you?  You had a mistake. They asked you to do what/",teacher,49,1,1.0,,0.0,حسناً، لكن الآن، انظروا، هذا هو الأمر. شيء واحد حولكم يا رفاق، لا تبدأون في تحويل كل شيء بنسبة مئوية لأنه هل تتذكرون كيف كنا في وقت ما نقوم بمشكلة وماذا سألوكم؟ كان لديك خطأ.,حسنا، لكن الان، انظروا، هذا هو الامر. شيء واحد حولكم يا رفاق، لا تبداون في تحويل كل شيء بنسبه مئويه لانه هل تتذكرون كيف كنا في وقت ما نقوم بمشكله وماذا سالوكم؟ كان لديك خطا.,35,0.02857142857142857,True
[Inaudible],student,1,0,,,,[غير مسموع],[غير مسموع],2,0.0,False
Into what?,teacher,2,0,,,0.0,إلى ماذا؟,الي ماذا؟,2,0.0,False
Into a fraction.,student,3,1,,,,إلى جزء صغير,الي جزء صغير,3,0.0,False
Into a fraction.  And what do you do?,teacher,8,1,,,1.0,إلى جزء صغير ماذا تفعل؟,الي جزء صغير ماذا تفعل؟,5,0.0,False
I turned it into a percent.,student,6,1,,,,لقد حولته إلى نسبة مئوية,لقد حولته الي نسبه مئويه,5,0.4,True
See what I mean?  You gotta be careful what it is they are asking you to do.  Now are there any problems?,teacher,22,0,0.0,,0.0,يجب أن تكون حذراً مما يطلبون منك فعله هل هناك أي مشاكل الآن؟,يجب ان تكون حذرا مما يطلبون منك فعله هل هناك اي مشاكل الان؟,13,0.0,False
No.,multiple students,1,0,,,,-كلا .,-كلا .,1,0.0,False
"Okay, so then we are going to – wait a minute.  Three plus two, right?",teacher,15,0,,,0.0,حسناً، إذاً سننتظر دقيقة، ثلاثة زائد اثنان، صحيح؟,حسنا، اذا سننتظر دقيقه، ثلاثه زائد اثنان، صحيح؟,8,0.25,True
Yeah.,student,1,0,,,,-أجل، أجل,-اجل، اجل,2,0.0,False
So it’s going to be five –,teacher,7,0,,,0.0,اذاً سيكون خمسة,اذا سيكون خمسه,3,0.3333333333333333,True
Five-eighths.,multiple students,1,0,,,,خمسة ثمانية.,خمسه ثمانيه.,2,0.5,True
Five-eighths.  Boom.  And we’re done.  Okay.  We can’t simplify it because five goes into five one time.  We can’t do it. Okay.  Now this is the time.  I know some of you people are not in the frame but I could talk to you because I don’t want anybody to get into trouble.  But this is the time; does anybody have any questions they want to ask?  They say [inaudible] I’m not really sure about this situation right here.  Or I’m not sure.  Yes.,teacher,84,1,,,0.0,خمسة ثمانية. بوم. ونحن انتهينا. حسناً. لا يمكننا تبسيط الأمر لأن خمسة يذهب إلى خمسة في وقت واحد. لا يمكننا القيام بذلك. حسناً. الآن هذا هو الوقت. أعلم أن بعضكم ليس في الإطار ولكن يمكنني التحدث إليكم لأنني لا أريد لأحد أن يقع في مشكلة. ولكن هذا هو الوقت؛ هل لدى أي شخص أي أسئلة يريد طرحها؟ يقولون [غير مستمع] أنا لست متأكداً حقاً من هذا الوضع هنا. أو لست متأكداً. نعم.,خمسه ثمانيه. بوم. ونحن انتهينا. حسنا. لا يمكننا تبسيط الامر لان خمسه يذهب الي خمسه في وقت واحد. لا يمكننا القيام بذلك. حسنا. الان هذا هو الوقت. اعلم ان بعضكم ليس في الاطار ولكن يمكنني التحدث اليكم لانني لا اريد لاحد ان يقع في مشكله. ولكن هذا هو الوقت؛ هل لدي اي شخص اي اسئله يريد طرحها؟ يقولون [غير مستمع] انا لست متاكدا حقا من هذا الوضع هنا. او لست متاكدا. نعم.,72,0.05555555555555555,True
I don’t really understanding it.,student,5,0,,,,أنا لا أفهم ذلك حقاً,انا لا افهم ذلك حقا,5,0.0,False
What are you bringing to the table?  You say you don’t really understand it.  What do you bring to the table?,teacher,21,0,1.0,,0.0,ما الذي تحضره إلى الطاولة؟ تقول أنك لا تفهم حقاً ما الذي تحضره إلى الطاولة؟,ما الذي تحضره الي الطاوله؟ تقول انك لا تفهم حقا ما الذي تحضره الي الطاوله؟,15,0.0,False
I bring to the table – I keep getting stuck when I have to add the – when I have to simplify it.,student,23,2,,0.0,,أنا أحضر إلى الطاولة  أنا أظل عالقا عندما يجب أن أضيف  عندما يجب أن تبسيطها.,انا احضر الي الطاوله انا اظل عالقا عندما يجب ان اضيف عندما يجب ان تبسيطها.,15,0.0,False
When you have to simplify it?,teacher,6,1,1.0,,0.0,عندما يجب عليك تبسيطها؟,عندما يجب عليك تبسيطها؟,4,0.0,False
I’m having problems there too.,student,5,0,,,,لدي مشاكل هناك أيضاً,لدي مشاكل هناك ايضا,4,0.0,False
"With simplifying?  I’ll tell you what.  Okay, somebody goes me three.",teacher,11,1,0.0,,0.0,مع تبسيط؟ سأخبرك ماذا. حسناً، أحدهم يذهب لي ثلاثة.,مع تبسيط؟ ساخبرك ماذا. حسنا، احدهم يذهب لي ثلاثه.,9,0.0,False
Me three.,student,2,0,,,,أنا ثلاثة.,انا ثلاثه.,2,0.0,False
"All right.  Now, okay, so you are having problem with simplifying?",teacher,11,1,,,0.0,حسناً، حسناً، إذاً لديك مشكلة في تبسيطها؟,حسنا، حسنا، اذا لديك مشكله في تبسيطها؟,7,0.0,False
I am.,student,2,0,,,,أنا كذلك.,انا كذلك.,2,0.0,False
All right.  Very good.  But the rest of you guys know how to add them?,teacher,15,1,,,0.0,حسناً، جيد جداً، لكن هل يعرف الباقون كيف يضيفونها؟,حسنا، جيد جدا، لكن هل يعرف الباقون كيف يضيفونها؟,9,0.0,False
Yes.,multiple students,1,0,,,,-أجل، أجل,-اجل، اجل,2,0.0,False
Okay.  This is what I’m going to do.  Why don’t you get to work and those people having problems simplifying come up to the board?  Not you.  You don’t have a problem simplifying.,teacher,33,2,,,0.0,حسناً، هذا ما سأفعله، لمَ لا تذهب إلى العمل وتأتي هؤلاء الأشخاص الذين يعانون من صعوبة في تبسيط الأمور إلى اللجنة؟ ليس أنت. ليس لديك مشكلة في تبسيط الأمور.,حسنا، هذا ما سافعله، لم لا تذهب الي العمل وتاتي هؤلاء الاشخاص الذين يعانون من صعوبه في تبسيط الامور الي اللجنه؟ ليس انت. ليس لديك مشكله في تبسيط الامور.,29,0.06896551724137931,True
"Yeah, simplifying, some of them.  The eights and the sixes.",student,10,1,,0.0,,أجل، تبسيط بعضها، الثمانية والستة.,اجل، تبسيط بعضها، الثمانيه والسته.,5,0.2,True
"All right. [We’ll trying solving the problem].  Okay, we’re not doing that remember.  All right.  It’s going to be easy. You guys know how to get the LCM?",teacher,28,1,0.0,,0.0,حسناً، سنحاول حل المشكلة، حسناً، لن نفعل ذلك، تذكر، سيكون الأمر سهلاً، هل تعرفون كيفية الحصول على الـ LCM؟,حسنا، سنحاول حل المشكله، حسنا، لن نفعل ذلك، تذكر، سيكون الامر سهلا، هل تعرفون كيفيه الحصول علي ال LCM؟,19,0.05263157894736842,True
Yes.,student,1,0,,,,-أجل، أجل,-اجل، اجل,2,0.0,False
"That’s not a problem.  Okay.  So the problem that you people have is if you see something like this right?  Two, four. And what time table do you find these two numbers?",teacher,32,0,,,0.0,هذه ليست مشكلة. حسناً. إذاً المشكلة التي تواجهكم هي إذا رأيتم شيئاً كهذا، صحيح؟ اثنان، أربعة.,هذه ليست مشكله. حسنا. اذا المشكله التي تواجهكم هي اذا رايتم شيئا كهذا، صحيح؟ اثنان، اربعه.,16,0.0,False
Right there.,student,2,0,,,,هناك تماماً,هناك تماما,2,0.0,False
In the two right?  Two goes into two?,teacher,8,0,,,0.0,في اثنين الحق؟ اثنين يذهب في اثنين؟,في اثنين الحق؟ اثنين يذهب في اثنين؟,7,0.0,False
One time.,student,2,0,,,,مرّة واحدة,مره واحده,2,0.0,False
Two go into here?,teacher,4,0,,,0.0,اثنان يدخلون هنا؟,اثنان يدخلون هنا؟,3,0.3333333333333333,True
Two times.,student,2,0,,,,مرتين,مرتين,1,0.0,False
Excuse me.  You need to get busy.  All right.  That’s correct?,teacher,11,0,,,0.0,عذراً، يجب أن تكون مشغولاً، صحيح؟,عذرا، يجب ان تكون مشغولا، صحيح؟,6,0.0,False
Yeah.,multiple students,1,0,,,,-أجل، أجل,-اجل، اجل,2,0.0,False
"All right.  Let’s go to the three, six.  What time table would you find those two numbers?",teacher,17,0,,,1.0,حسناً، لنذهب إلى ثلاثة، ستة، أي جدول زمني تجد هذين الأرقام؟,حسنا، لنذهب الي ثلاثه، سته، اي جدول زمني تجد هذين الارقام؟,11,0.09090909090909091,True
Threes.,multiple students,1,0,,,,ثلاثة,ثلاثه,1,1.0,True
So three goes into three?,teacher,5,0,,,1.0,إذاً 3 يساوي 3؟,اذا 3 يساوي 3؟,3,0.25,True
One time.,multiple students,2,0,,,,مرّة واحدة,مره واحده,2,0.0,False
Three goes here?,teacher,3,0,,,0.0,ثلاثة تذهب إلى هنا؟,ثلاثه تذهب الي هنا؟,4,0.25,True
Two times.,multiple students,2,0,,,,مرتين,مرتين,1,0.0,False
That’s one half.,student,3,0,,,,هذا نصف,هذا نصف,2,0.5,True
All right.  Let’s do another one okay.  Let’s do the six and the nine.  In what time table would you find those two numbers?,teacher,24,0,,,0.0,حسناً، دعونا نقوم بعمل واحد آخر حسناً، دعونا نقوم بعمل ستة وتسعة في أي جدول زمني ستجدين هذين الرقمين؟,حسنا، دعونا نقوم بعمل واحد اخر حسنا، دعونا نقوم بعمل سته وتسعه في اي جدول زمني ستجدين هذين الرقمين؟,19,0.10526315789473684,True
Three.,student,1,0,,,,ثلاثة.,ثلاثه.,1,0.0,False
What?,teacher,1,0,,,0.0,ـ ماذا؟,ماذا؟,2,0.0,False
Threes.,student,1,0,,,,ثلاثة,ثلاثه,1,1.0,True
So you –,teacher,3,0,,,0.0,إذاً أنت,اذا انت,2,0.0,False
Six two.,student,2,0,,,,ستة اثنان.,سته اثنان.,2,0.5,True
Two.,teacher,1,0,,,0.0,اثنان.,اثنان.,1,0.0,False
That’s three.,student,2,0,,,,هذا ثلاثة.,هذا ثلاثه.,2,0.0,False
You got it?  Okay bye.  Anybody else?,teacher,7,0,,,1.0,حسناً، وداعاً، هل هناك أي شخص آخر؟,حسنا، وداعا، هل هناك اي شخص اخر؟,7,0.0,False
Oh.,student,1,0,,,,-أوه .,-اوه .,1,0.0,False
You got it?  Okay.  All right.  Anybody else?  Good.  Those people who don’t understand I’ll come to you in a minute. All right.  Let’s get busy.  Look at page – okay stop. Okay.  Stop for a minute.  Look at page – I want you to look at page –,teacher,49,0,,,1.0,هل فهمت؟ حسناً. حسناً. أي شخص آخر؟ جيد. أولئك الأشخاص الذين لا يفهمون سأأتي إليك في دقيقة. حسناً. دعنا نشتغل. انظر إلى الصفحة  حسناً توقف. حسناً. توقف لدقيقة. انظر إلى الصفحة  أريدك أن تنظر إلى الصفحة ,هل فهمت؟ حسنا. حسنا. اي شخص اخر؟ جيد. اولئك الاشخاص الذين لا يفهمون سااتي اليك في دقيقه. حسنا. دعنا نشتغل. انظر الي الصفحه حسنا توقف. حسنا. توقف لدقيقه. انظر الي الصفحه اريدك ان تنظر الي الصفحه,36,0.0,False
Forty-nine?,student,1,0,,,,49؟,49؟,1,0.0,False
- 49.  Page 49.  What page I say?,teacher,8,0,,,0.0,-صفحة 49، أي صفحة أقول؟,-صفحه 49، اي صفحه اقول؟,5,0.0,False
Forty-nine.,multiple students,1,0,,,,أربعين وتسعة,اربعين وتسعه,2,0.0,False
"Page 49.  Who wants to read the first problem?  I do.  You guys never let me read.  All right.  [Inaudible] read.  Where are my glasses at?  All right, somebody misplaced my glasses.  All right.  Who wants to read?",teacher,38,0,,,0.0,الصفحة 49 من يريد قراءة المشكلة الأولى؟ أنا كذلك. أنتم لا تدعوني أقرأ أبداً. حسناً. [غير قابل للسمع] قراءة. أين نظاراتي؟ حسناً، شخص ما ضيع نظاراتي. حسناً. من يريد القراءة؟,الصفحه 49 من يريد قراءه المشكله الاولي؟ انا كذلك. انتم لا تدعوني اقرا ابدا. حسنا. [غير قابل للسمع] قراءه. اين نظاراتي؟ حسنا، شخص ما ضيع نظاراتي. حسنا. من يريد القراءه؟,29,0.0,False
I do.,multiple students,2,0,,,,-أحبّك,-احبك,1,0.0,False
"All right.  [Inaudible] can read.  We are not doing that.  All right.  Somebody gonna have to read loud and clear, loud and clear.  All right.  You want to?  Are you going to read loud?  All right.  Let her read it loud.  Okay.  Read the problem.  So you’re going to read the problem.  Quickly.",teacher,53,0,,,0.0,حسناً. [لا يمكن سماعها] يمكنها القراءة. نحن لا نفعل ذلك. حسناً. شخص ما يجب أن يقرأ بصوت عال و واضح، بصوت عال و واضح. حسناً. هل تريد ذلك؟ هل ستقرأ بصوت عال؟ حسناً. دعها تقرأ بصوت عال. حسناً. قراءة المشكلة. لذلك سوف تقرأ المشكلة. بسرعة.,حسنا. [لا يمكن سماعها] يمكنها القراءه. نحن لا نفعل ذلك. حسنا. شخص ما يجب ان يقرا بصوت عال و واضح، بصوت عال و واضح. حسنا. هل تريد ذلك؟ هل ستقرا بصوت عال؟ حسنا. دعها تقرا بصوت عال. حسنا. قراءه المشكله. لذلك سوف تقرا المشكله. بسرعه.,45,0.0,False
"Alexander, [Marshall] and Olivia had a pizza party.  There was a pepperoni, a vegetarian and a cheese pizza.  Each pizza was the same size.  Alexander ate one-sixth of the pepperoni pizza and five [inaudible] of the cheese pizza. How much of a pizza did he eat?",student,46,0,,0.0,,ألكسندر، [مارشال] وأوليفيا عقدوا حفلة بيتزا. كان هناك بيبيروني، ونباتي وبيتزا بالجبن. كل بيتزا كانت بنفس الحجم. أكل ألكسندر ستة بيتزا بالبيبيروني وخمسة بيتزا بالجبن. كم من البيتزا أكله؟,الكسندر، [مارشال] واوليفيا عقدوا حفله بيتزا. كان هناك بيبيروني، ونباتي وبيتزا بالجبن. كل بيتزا كانت بنفس الحجم. اكل الكسندر سته بيتزا بالبيبيروني وخمسه بيتزا بالجبن. كم من البيتزا اكله؟,29,0.034482758620689655,True
"How much?  Okay, guys let’s get to work.  I’m gonna come around and see what you doing.  All right. Okay, let’s see.  Let me see.  What do you understand about the problem?",teacher,32,0,1.0,,1.0,حسناً يا رفاق دعونا نعمل سأأتي لأرى ماذا تفعلون حسناً دعونا نرى ماذا تفهمون عن المشكلة,حسنا يا رفاق دعونا نعمل سااتي لاري ماذا تفعلون حسنا دعونا نري ماذا تفهمون عن المشكله,16,0.0,False
I understand that she ate six-twelve of the pepperoni pizza and five twelve of the cheese pizza.,student,17,0,,0.0,,أنا أفهم أنها أكلت ستة عشر من البيتزا البيبيروني و خمسة عشر من البيتزا الجبن.,انا افهم انها اكلت سته عشر من البيتزا البيبيروني و خمسه عشر من البيتزا الجبن.,15,0.4,True
Okay but what can you tell me about the size of the pizza?,teacher,13,0,1.0,,1.0,حسناً، لكن ماذا يمكنك أن تخبرني عن حجم البيتزا؟,حسنا، لكن ماذا يمكنك ان تخبرني عن حجم البيتزا؟,9,0.0,False
That they are all the same size.,student,7,0,,,,أنهم جميعاً بنفس الحجم,انهم جميعا بنفس الحجم,4,0.0,False
They are all the same size.  Do you think that’s gonna make the problem more difficult or easier for you to solve?,teacher,22,0,1.0,,0.0,هل تعتقد أن هذا سيجعل المشكلة أكثر صعوبة أو أسهل بالنسبة لك لحلها؟,هل تعتقد ان هذا سيجعل المشكله اكثر صعوبه او اسهل بالنسبه لك لحلها؟,13,0.0,False
Easy.,student,1,0,,,,بسهولة,بسهوله,1,0.0,False
Why?,teacher,1,0,,,1.0,-لماذا؟,-لماذا؟,1,0.0,False
"Because I already know that they’re the same size.  I’m not going to be frustrated figuring out if this one’s small, this one’s medium, this one is big.",student,28,0,,0.0,,لأنّي أعرف بالفعل أنّهما بنفس الحجم، ولن أكون محبطاً في معرفة ما إذا كان هذا صغير، وهذا متوسط، وهذا كبير.,لاني اعرف بالفعل انهما بنفس الحجم، ولن اكون محبطا في معرفه ما اذا كان هذا صغير، وهذا متوسط، وهذا كبير.,20,0.0,False
All right.  Do you know what the word accuracy means?,teacher,10,0,0.0,,0.0,حسناً، هل تعرف ما تعنيه كلمة دقة؟,حسنا، هل تعرف ما تعنيه كلمه دقه؟,7,0.0,False
Yes.,student,1,0,,,,-أجل، أجل,-اجل، اجل,2,0.0,False
What does the word accuracy say?,teacher,6,0,,,0.0,ماذا تقول كلمة دقة؟,ماذا تقول كلمه دقه؟,4,0.0,False
Like having like everything correct.,student,5,0,,,,مثل أن يكون كل شيء صحيحاً,مثل ان يكون كل شيء صحيحا,6,0.0,False
Right.  So you already know what to do right?,teacher,9,0,0.0,,0.0,صحيح، إذاً أنت تعرف بالفعل ما يجب فعله بشكل صحيح؟,صحيح، اذا انت تعرف بالفعل ما يجب فعله بشكل صحيح؟,10,0.0,False
Yes.,student,1,0,,,,-أجل، أجل,-اجل، اجل,2,0.0,False
So you gotta get 100 right?  Okay now think [inaudible] you gotta get 100 now.  Now we’re leaning toward a different dimension now.  All right thank you.  Okay?,teacher,28,1,,,0.0,إذاً يجب أن تحصل على 100 حقًا؟ حسناً الآن فكر أنّك يجب أن تحصل على 100 الآن. الآن نحن نميل نحو بعد مختلف الآن. حسناً، شكراً. حسناً؟,اذا يجب ان تحصل علي 100 حقا؟ حسنا الان فكر انك يجب ان تحصل علي 100 الان. الان نحن نميل نحو بعد مختلف الان. حسنا، شكرا. حسنا؟,25,0.0,False
I don’t understand.,student,3,0,,,,أنا لا أفهم.,انا لا افهم.,3,0.0,False
Okay.  Now I don’t understand.  How are you gonna help me out? You know what I mean?  How are you going to help me out? Okay.  You say you don’t understand okay.  Let’s go over here.  Let’s go – I’ll come around.  Okay.  What do you bring to the table?  I can’t hear you.,teacher,54,0,,,0.0,حسناً، الآن لا أفهم، كيف ستساعدني؟ أتفهمين ما أعنيه؟ كيف ستساعدني؟ حسناً، تقولين أنك لا تفهمين، حسناً، لنذهب إلى هنا، لنذهب، سأعود، حسناً، ماذا ستحضرين إلى الطاولة؟ لا أستطيع سماعك.,حسنا، الان لا افهم، كيف ستساعدني؟ اتفهمين ما اعنيه؟ كيف ستساعدني؟ حسنا، تقولين انك لا تفهمين، حسنا، لنذهب الي هنا، لنذهب، ساعود، حسنا، ماذا ستحضرين الي الطاوله؟ لا استطيع سماعك.,30,0.0,False
I know that Alexander ate one-sixth of the pepperoni pizza and five –,student,13,0,,0.0,,أنا أعرف أن ألكسندر أكلت ستة من البيتزا البيبيروني وخمسة,انا اعرف ان الكسندر اكلت سته من البيتزا البيبيروني وخمسه,10,0.1,True
"You know what I know how to read.  Okay, tell me what it is that you bring to the table.",teacher,20,0,0.0,,0.0,حسناً، أخبرني ما الذي تحضره إلى الطاولة,حسنا، اخبرني ما الذي تحضره الي الطاوله,7,0.0,False
I know that we’re trying to figure out –,student,9,0,,0.0,,أعلم أننا نحاول معرفة ذلك,اعلم اننا نحاول معرفه ذلك,5,0.0,False
I like that.  Now you’re trying to put it into your own words.,teacher,13,0,0.0,,0.0,يعجبني ذلك الآن تحاول أن تضعها بكلماتك,يعجبني ذلك الان تحاول ان تضعها بكلماتك,7,0.0,False
- how much she ate of both pizzas.,student,8,0,,0.0,,-كم أكلت من كلا البيتزا,-كم اكلت من كلا البيتزا,5,0.0,False
Okay.  So what else do you bring to the table?  What else do you know about that pizza?  I know that you did something. You underlined something.  Can you read what you underlined?,teacher,33,2,1.0,,1.0,حسناً، ما الذي أحضرته إلى الطاولة؟ ما الذي تعرفه عن تلك البيتزا؟ أعلم أنك فعلت شيئاً، أبرزت شيئاً، هل يمكنك قراءة ما أبرزته؟,حسنا، ما الذي احضرته الي الطاوله؟ ما الذي تعرفه عن تلك البيتزا؟ اعلم انك فعلت شيئا، ابرزت شيئا، هل يمكنك قراءه ما ابرزته؟,23,0.0,False
Same size.,student,2,0,,,,نفس الحجم,نفس الحجم,2,0.0,False
Okay.  Are you bringing something to the table by knowing that?,teacher,11,0,,,0.0,حسناً، هل تجلبين شيئاً إلى الطاولة بمعرفة ذلك؟,حسنا، هل تجلبين شيئا الي الطاوله بمعرفه ذلك؟,8,0.0,False
Yes.,student,1,0,,,,-أجل، أجل,-اجل، اجل,2,0.0,False
"So tell me something that you know, that you’re bringing to the table?",teacher,13,0,,,0.0,إذاً أخبرني بشيء تعرفه، الذي ستحضرينه إلى الطاولة؟,اذا اخبرني بشيء تعرفه، الذي ستحضرينه الي الطاوله؟,8,0.0,False
I know that I don’t have to worry about that the pepperoni pizza is small or big.,student,17,0,,0.0,,أعلم أنني لست مضطرة للقلق بشأن أن بيتزا البيبيروني صغيرة أو كبيرة,اعلم انني لست مضطره للقلق بشان ان بيتزا البيبيروني صغيره او كبيره,12,0.0,False
"Okay.  So okay, so you have all this information.  Where are you getting stuck?",teacher,14,0,0.0,,0.0,حسناً، حسناً، إذاً لديك كل هذه المعلومات,حسنا، حسنا، اذا لديك كل هذه المعلومات,7,0.0,False
That I’m getting stuck about I don’t know like what’s the whole number.,student,13,1,,0.0,,أنّي عالقة حول لا أعرف ما هو الرقم كله.,اني عالقه حول لا اعرف ما هو الرقم كله.,9,0.0,False
I can’t hear you.,teacher,4,0,0.0,,0.0,لا أستطيع سماعك,لا استطيع سماعك,3,0.0,False
I don’t know what’s the whole number and like how many pieces did he cut into.,student,16,1,,0.0,,لا أعرف ما هو العدد الكامل و كم قطعة قطعته,لا اعرف ما هو العدد الكامل و كم قطعه قطعته,10,0.0,False
Well let’s look at it.  How many pieces did he cut it into?,teacher,13,0,1.0,,0.0,دعونا نلقي نظرة على ذلك كم قطعة قطعتها؟,دعونا نلقي نظره علي ذلك كم قطعه قطعتها؟,8,0.0,False
Six.,student,1,0,,,,ستة.,سته.,1,0.0,False
I thought you said you didn’t know.  Okay.  How many pieces did he cut it here?,teacher,16,0,,,1.0,ظننتكِ قلتِ أنكِ لا تعرفين كم قطعة قطعتها هنا؟,ظننتك قلت انك لا تعرفين كم قطعه قطعتها هنا؟,9,0.0,False
Twelve.,student,1,0,,,,اثني عشر,اثني عشر,2,0.5,True
Okay so let’s look at this fraction right here.  What can you do with that fraction?  What could you do with that fraction right there?,teacher,25,3,,,1.0,حسناً دعونا نلقي نظرة على هذا الجزء هنا ماذا يمكن أن نفعل بهذا الجزء؟ ماذا يمكن أن نفعل بهذا الجزء هنا؟,حسنا دعونا نلقي نظره علي هذا الجزء هنا ماذا يمكن ان نفعل بهذا الجزء؟ ماذا يمكن ان نفعل بهذا الجزء هنا؟,21,0.0,False
Take one –,student,3,0,,,,خذ واحداً,خذ واحدا,2,0.0,False
Look – you said take?  So how much – so you’re saying you gotta subtract?,teacher,15,1,,,0.0,انظر  قلت تأخذ؟ إذاً كم  إذاً أنت تقول يجب أن تخفض؟,انظر قلت تاخذ؟ اذا كم اذا انت تقول يجب ان تخفض؟,11,0.0,False
Yes.,student,1,0,,,,-أجل، أجل,-اجل، اجل,2,0.0,False
What makes you say you have to subtract?  Cause we say adding?,teacher,12,1,,,0.0,ما الذي يجعلك تقول أنك يجب أن تخفض؟ لأننا نقول إضافة؟,ما الذي يجعلك تقول انك يجب ان تخفض؟ لاننا نقول اضافه؟,11,0.0,False
"Because he ate, that means he took some pieces out of the whole thing.",student,14,1,,0.0,,لأنّه أكل، وهذا يعني أنه أخذ بعض القطع من كلّ شيء.,لانه اكل، وهذا يعني انه اخذ بعض القطع من كل شيء.,11,0.0,False
Okay.,teacher,1,0,0.0,,0.0,-حسناً,-حسنا,1,0.0,False
So he that means he ate one piece out of the six pieces he cut it into.,student,17,0,,0.0,,إذاً هذا يعني أنه أكل قطعة واحدة من الأجزاء الستة التي قطعتها فيها,اذا هذا يعني انه اكل قطعه واحده من الاجزاء السته التي قطعتها فيها,13,0.0,False
All right.,teacher,2,0,0.0,,0.0,-حسناً,-حسنا,1,0.0,False
And the five-twelve that means he ate five pieces of the twelve pieces he cut it into.,student,17,0,,0.0,,والخمسة عشر يعني أنه أكل خمسة قطع من الأجزاء الثانية عشرة التي قطعها فيها,والخمسه عشر يعني انه اكل خمسه قطع من الاجزاء الثانيه عشره التي قطعها فيها,14,0.21428571428571427,True
"Okay.  All right.  Okay guys.  No, no.  Do me a favor.  Read the problem because the objective is reading fractions but if you read the problem correctly you’re gonna say that Mr. C he go again with these tricks.  They’re not funny.  They not funny because I’m reading this here and looking at the objectives and he only put some part but he didn’t put the whole thing.  Here he go with his tricks that I really don’t care much about.  All right? So you begin to read and understand the problem?",teacher,92,2,1.0,,0.0,حسناً. حسناً. حسناً يا رفاق. لا، لا. افعلوا لي معروفاً. اقرأوا المشكلة لأن الهدف هو قراءة الكسور ولكن إذا قرأتم المشكلة بشكل صحيح ستقولون أن السيد سي يستخدم هذه الحيل مرة أخرى.,حسنا. حسنا. حسنا يا رفاق. لا، لا. افعلوا لي معروفا. اقراوا المشكله لان الهدف هو قراءه الكسور ولكن اذا قراتم المشكله بشكل صحيح ستقولون ان السيد سي يستخدم هذه الحيل مره اخري.,32,0.0,False
Yes.,multiple students,1,0,,,,-أجل، أجل,-اجل، اجل,2,0.0,False
"Okay.  Stop.  I will come back to you guys. Can you do me a favor?  Circle problem number two.  I know what you’re going to say.  But I gotta give them a break because I know what they did.  All right.  Circle problem number two.  Circle problem number two and solve problem number two.  Okay?  But if you can solve number one guys I’m gonna ask my principal to give me a raise.  Okay? No, no, no.  Solve problem number two.  Okay.  We got three more minutes left to solve problem number two. Okay.  Why don’t you [come for me to a second now].  Okay. What do you notice about the problem number two?",teacher,114,3,,,0.0,حسناً. توقفوا. سأعود إليكم يا رفاق. هل يمكنكم أن تفعلوا لي معروفاً؟ مشكلة الدائرة رقم اثنان. أعرف ما ستقولهون. ولكن يجب أن أعطيهم استراحة لأنني أعرف ما فعلوه. حسناً. مشكلة الدائرة رقم اثنان. مشكلة الدائرة رقم اثنان وحل مشكلة رقم اثنان. حسناً؟ ولكن إذا تمكنتم من حل مشكلة رقم واحد سأطلب من مدير المدرسة أن يعطيني زيادة في المرتبة. حسناً؟ لا، لا، لا. حل مشكلة رقم اثنان. حسناً. لدينا ثلاث دقائق أخرى لحل مشكلة رقم اثنان. حسناً.,حسنا. توقفوا. ساعود اليكم يا رفاق. هل يمكنكم ان تفعلوا لي معروفا؟ مشكله الدائره رقم اثنان. اعرف ما ستقولهون. ولكن يجب ان اعطيهم استراحه لانني اعرف ما فعلوه. حسنا. مشكله الدائره رقم اثنان. مشكله الدائره رقم اثنان وحل مشكله رقم اثنان. حسنا؟ ولكن اذا تمكنتم من حل مشكله رقم واحد ساطلب من مدير المدرسه ان يعطيني زياده في المرتبه. حسنا؟ لا، لا، لا. حل مشكله رقم اثنان. حسنا. لدينا ثلاث دقائق اخري لحل مشكله رقم اثنان. حسنا.,77,0.03896103896103896,True
This one?,student,2,0,,,,هذه؟,هذه؟,1,0.0,False
What do you do?,teacher,4,0,,,1.0,ماذا تفعلين؟,ماذا تفعلين؟,2,0.0,False
I did the LCM.,student,4,1,,,,لقد قمت بـ (الـ (إل سي إم,لقد قمت ب (ال (ال سي ام,7,0.0,False
"What?  Are you doing the same page?  What page did you do?  I gotta get my glasses.  See what that happened, when you turned – when you’re older than 25 you need glasses.  Okay. What did you – okay.  What answer did you get to this one?",teacher,47,0,,,1.0,ماذا؟ هل تقوم بنفس الصفحة؟ ما الصفحة التي قمت بها؟ يجب أن أحصل على نظاراتي. انظر ماذا حدث، عندما أصبحت أكبر من 25 تحتاج إلى نظارات. حسناً. ماذا فعلت؟ حسناً. ما الإجابة التي حصلت عليها على هذه؟,ماذا؟ هل تقوم بنفس الصفحه؟ ما الصفحه التي قمت بها؟ يجب ان احصل علي نظاراتي. انظر ماذا حدث، عندما اصبحت اكبر من 25 تحتاج الي نظارات. حسنا. ماذا فعلت؟ حسنا. ما الاجابه التي حصلت عليها علي هذه؟,36,0.0,False
I got three-eighths.,student,3,0,,,,حصلت على ثلاثة ثمانية.,حصلت علي ثلاثه ثمانيه.,4,0.25,True
For which one?,teacher,3,0,,,0.0,لأي واحدة؟,لاي واحده؟,2,0.0,False
For the number two.,student,4,0,,,,من أجل رقم اثنين.,من اجل رقم اثنين.,4,0.0,False
"Okay so for problem number two what did you do?  What operation did you do?  Did you add it, subtract it?",teacher,21,2,,,1.0,حسناً إذاً بالنسبة للمشكلة رقم 2 ماذا فعلت؟ ما العملية التي قمت بها؟ هل قمت بإضافةها، أو بإسقاطها؟,حسنا اذا بالنسبه للمشكله رقم 2 ماذا فعلت؟ ما العمليه التي قمت بها؟ هل قمت باضافهها، او باسقاطها؟,17,0.0,False
I added.,student,2,0,,,,لقد أضفت,لقد اضفت,2,0.0,False
Huh?,teacher,1,0,,,0.0,هاه؟,هاه؟,1,0.0,False
I added.,student,2,0,,,,لقد أضفت,لقد اضفت,2,0.0,False
Why did you add?,teacher,4,1,,,1.0,لماذا أضفتها؟,لماذا اضفتها؟,2,0.0,False
Because he or she?  She took two pieces of different pizza.  I had to add to know how many.,student,19,1,,0.0,,لقد أخذت قطعتين من البيتزا المختلفة,لقد اخذت قطعتين من البيتزا المختلفه,6,0.0,False
Okay.  I’m not saying that you’re right.  Now so let’s say you’re right for number two.  Okay.  What about number one?,teacher,21,0,0.0,,1.0,حسناً، أنا لا أقول أنك على حق، الآن لنفترض أنك على حق في رقم اثنين، حسناً، ماذا عن رقم واحد؟,حسنا، انا لا اقول انك علي حق، الان لنفترض انك علي حق في رقم اثنين، حسنا، ماذا عن رقم واحد؟,20,0.0,False
Number one I did the same.,student,6,0,,,,رقم واحد فعلت نفس الشيء.,رقم واحد فعلت نفس الشيء.,5,0.0,False
Huh?,teacher,1,0,0.0,,0.0,هاه؟,هاه؟,1,0.0,False
Number one I did the same thing.,student,7,0,,,,رقم واحد أنا فعلت نفس الشيء.,رقم واحد انا فعلت نفس الشيء.,6,0.0,False
"Okay.  All right.  We got one minute and then we’re gonna talk about it.  One minute and then we’re going to talk about what some of you people did. order.  [Daysha] Jackson come to the main office to pick up your candy order. All right.  No.  We’re not doing that.  We’re gonna have our time to talk about it in one minute. order. All right.  Okay.  We got one minute and then – candy order. I told them to be quiet – We just – all right. Let’s continue working.  Listen – This is when working in the city it’s like that.  All right. order. Okay.  Please put your pencils down.  Put the pencils down. All right.  I’m just gonna go around recording answers.  It doesn’t matter what you tell I’m just gonna record answers. Okay.  If you didn’t get a chance to finish up just say Mr. C I’m thinking.  It’s not – because we’re gonna continue this later one.  Please don’t do that.  Now it is time to pay attention.  I got two minutes before that microphone goes off again.  All right. Okay, let’s go right here.  Answers.",teacher,190,0,0.0,,0.0,حسناً. حسناً. لدينا دقيقة واحدة ومن ثم سنتحدث عن الأمر. دقيقة واحدة ومن ثم سنتحدث عن ما فعله بعضكم من الناس. أمر. [دايشا] جاكسون يأتي إلى المكتب الرئيسي ليحصل على طلب الحلوى الخاص بك. حسناً. لا. نحن لا نفعل ذلك. سنحصل على وقتنا لنتحدث عنه في دقيقة واحدة. أمر. حسناً. حسناً. لدينا دقيقة واحدة ومن ثم طلب الحلوى. قلت لهم أن يكونوا هادئين  نحن فقط  حسناً. دعونا نستمر في العمل. اسمع  هذا عندما نعمل في المدينة  هكذا. حسناً. أمر. حسناً. حسناً. رجاءً ضعوا أقلامكم. ضعوا أقلامكم. حسناً. أنا فقط أقوم بتسجيل الإجابات.,حسنا. حسنا. لدينا دقيقه واحده ومن ثم سنتحدث عن الامر. دقيقه واحده ومن ثم سنتحدث عن ما فعله بعضكم من الناس. امر. [دايشا] جاكسون ياتي الي المكتب الرئيسي ليحصل علي طلب الحلوي الخاص بك. حسنا. لا. نحن لا نفعل ذلك. سنحصل علي وقتنا لنتحدث عنه في دقيقه واحده. امر. حسنا. حسنا. لدينا دقيقه واحده ومن ثم طلب الحلوي. قلت لهم ان يكونوا هادئين نحن فقط حسنا. دعونا نستمر في العمل. اسمع هذا عندما نعمل في المدينه هكذا. حسنا. امر. حسنا. حسنا. رجاء ضعوا اقلامكم. ضعوا اقلامكم. حسنا. انا فقط اقوم بتسجيل الاجابات.,92,0.0,False
One-half.,student,1,0,,,,ونصف.,ونصف.,1,0.0,False
So who got –,teacher,4,0,,,0.0,إذاً من حصل,اذا من حصل,3,0.0,False
For number two?,student,3,0,,,,من أجل رقم اثنين؟,من اجل رقم اثنين؟,4,0.0,False
Who got –,teacher,3,0,,,0.0,من حصل,من حصل,2,0.0,False
For number two or number one?,student,6,0,,,,من أجل رقم 2 أم رقم 1؟,من اجل رقم 2 ام رقم 1؟,6,0.0,False
Number one.,teacher,2,0,1.0,,0.0,رقم واحد.,رقم واحد.,2,0.0,False
One-half.,student,1,0,,,,ونصف.,ونصف.,1,0.0,False
One-half.  Yes.,teacher,2,0,,,0.0,نصف - نعم -,نصف - نعم -,2,0.25,True
Seven- twelfths.,student,2,0,,,,سبعة اثنا عشر.,سبعه اثنا عشر.,3,0.3333333333333333,True
Seven- twelfths.  Notice we have different answers already. Yes?  You.,teacher,10,0,,,0.0,سبعة اثنا عشر، لاحظ أن لدينا بالفعل إجابات مختلفة,سبعه اثنا عشر، لاحظ ان لدينا بالفعل اجابات مختلفه,9,0.1111111111111111,True
I’m thinking.,student,2,0,,,,أنا أفكر.,انا افكر.,2,0.0,False
What do you have there on your paper?,teacher,8,0,,,1.0,ماذا لديك هناك في ورقتك؟,ماذا لديك هناك في ورقتك؟,5,0.0,False
I put it into percent.,student,5,1,,,,وضعتها في المئة.,وضعتها في المئه.,3,0.0,False
Huh?,teacher,1,0,0.0,,0.0,هاه؟,هاه؟,1,0.0,False
I changed it to percent.,student,5,1,,,,لقد غيرته إلى نسبة مئوية,لقد غيرته الي نسبه مئويه,5,0.4,True
Okay.  Stop.  Listen.  What answer do you have?,teacher,8,0,0.0,,0.0,حسناً، توقف، اسمع، ما هي الإجابة التي لديك؟,حسنا، توقف، اسمع، ما هي الاجابه التي لديك؟,8,0.0,False
Sixteen and one-third.,student,3,0,,,,ستة عشر و ثلث,سته عشر و ثلث,4,1.0,True
Huh?,teacher,1,0,,,0.0,هاه؟,هاه؟,1,0.0,False
Sixteen and one-third.,student,3,0,,,,ستة عشر و ثلث,سته عشر و ثلث,4,1.0,True
Sixteen and one-third.  Okay.  What do you have?,teacher,8,0,,,0.0,ستة عشر وثلثاً حسناً، ماذا لديك؟,سته عشر وثلثا حسنا، ماذا لديك؟,6,0.5,True
Seven-twelfths.,student,1,0,,,,سبعة اثنا عشر.,سبعه اثنا عشر.,3,0.3333333333333333,True
Seven- twelfths.  Okay.  What do you have?,teacher,7,0,,,1.0,حسناً، ماذا لديك؟,حسنا، ماذا لديك؟,3,0.0,False
Eight- twelfths.,student,2,0,,,,ثمانية اثنا عشر.,ثمانيه اثنا عشر.,3,0.3333333333333333,True
Eight- twelfths.  What do you have?,teacher,6,0,,,0.0,ثمانية اثنا عشر، ماذا لديك؟,ثمانيه اثنا عشر، ماذا لديك؟,5,0.2,True
Seven- twelfths.,student,2,0,,,,سبعة اثنا عشر.,سبعه اثنا عشر.,3,0.3333333333333333,True
Okay.  What do you have?,teacher,5,0,,,1.0,حسناً، ماذا لديك؟,حسنا، ماذا لديك؟,3,0.0,False
Seven- twelfths.,student,2,0,,,,سبعة اثنا عشر.,سبعه اثنا عشر.,3,0.3333333333333333,True
"Seven- twelfths.  Stop talking please.  Okay, here, what do you have?",teacher,11,0,,,0.0,حسناً، ها هي، ماذا لديك؟,حسنا، ها هي، ماذا لديك؟,5,0.0,False
[Inaudible].,student,1,0,,,,[غير مسموع].,[غير مسموع].,2,0.0,False
Number one.,teacher,2,0,,,0.0,رقم واحد.,رقم واحد.,2,0.0,False
I don’t have an answer yet.,student,6,0,,,,ليس لدي إجابة بعد,ليس لدي اجابه بعد,4,0.0,False
"Okay, you don’t have an answer.  That’s good at least you’re thinking.  You?",teacher,13,0,1.0,,0.0,حسناً، ليس لديك إجابة، هذا جيد على الأقل أنت تفكر,حسنا، ليس لديك اجابه، هذا جيد علي الاقل انت تفكر,10,0.0,False
I don’t have an answer.,student,5,0,,,,ليس لدي إجابة,ليس لدي اجابه,3,0.0,False
You don’t have an answer.  Okay.,teacher,6,0,1.0,,0.0,ليس لديك إجابة حسناً,ليس لديك اجابه حسنا,4,0.0,False
Seven- twelfths.,student,2,0,,,,سبعة اثنا عشر.,سبعه اثنا عشر.,3,0.3333333333333333,True
Seven-twelve.,teacher,1,0,,,0.0,سبعة اثني عشر.,سبعه اثني عشر.,3,0.3333333333333333,True
Mr. C I’m still thinking.,student,5,0,,,,السيد سي لا يزال يفكر,السيد سي لا يزال يفكر,5,0.0,False
"You’re still thinking.  Okay.  All right.  I’m gonna call it quit right now but the correct answer, okay, I don’t know – okay the correct answer is seven- twelfths.  Don’t’ say yes.  Go around and talk to the people that have a different answer and I want to know what were they thinking.  And tomorrow we’re going to talk about it.  So go around and see what were they thinking. Okay. Okay, let me listen to this conversation here.  Go ahead.",teacher,81,0,1.0,,0.0,أنت لا تزال تفكر. حسناً. حسناً. سأدعو الأمر إلى الإقلاع الآن ولكن الإجابة الصحيحة، حسناً، لا أعرف. حسناً، الإجابة الصحيحة هي سبعة اثنا عشر. لا تقولي نعم. اذهب وتحدث مع الأشخاص الذين لديهم إجابة مختلفة وأريد أن أعرف ماذا كانوا يفكرون. غداً سنناقش حول ذلك. لذا اذهب وترى ماذا كانوا يفكرون. حسناً. حسناً، دعوني أستمع إلى هذه المحادثة هنا. هيا.,انت لا تزال تفكر. حسنا. حسنا. سادعو الامر الي الاقلاع الان ولكن الاجابه الصحيحه، حسنا، لا اعرف. حسنا، الاجابه الصحيحه هي سبعه اثنا عشر. لا تقولي نعم. اذهب وتحدث مع الاشخاص الذين لديهم اجابه مختلفه واريد ان اعرف ماذا كانوا يفكرون. غدا سنناقش حول ذلك. لذا اذهب وتري ماذا كانوا يفكرون. حسنا. حسنا، دعوني استمع الي هذه المحادثه هنا. هيا.,60,0.016666666666666666,True
He asked me what I was thinking and I was thinking about percent.  And about that problem we were doing like one- sixth of the pepperoni pizza equals one [inaudible] percent.  But I totally forgot about when we were adding the fractions right here – So I told him that he supposed to take the [inaudible] -,student,57,3,,0.0,,لقد سألني عن ما كنت أفكر و كنت أفكر في النسبة المئوية. و حول هذه المشكلة كنا نفعل مثل 1/6 من البيتزا البيبيروني يساوي 1٪. ولكن نسيت تماما عندما كنا نضيف الكسور هنا,لقد سالني عن ما كنت افكر و كنت افكر في النسبه المئويه. و حول هذه المشكله كنا نفعل مثل 1/6 من البيتزا البيبيروني يساوي 1٪. ولكن نسيت تماما عندما كنا نضيف الكسور هنا,32,0.030303030303030304,True
Say it again?,teacher,3,0,0.0,,0.0,قولها مرة أخرى؟,قولها مره اخري؟,3,0.0,False
That I was supposed to [inaudible] learned from the class and he will get the right answer.,student,17,0,,0.0,,أنه كان من المفترض أن يتعلم من الصف وسوف يحصل على الإجابة الصحيحة.,انه كان من المفترض ان يتعلم من الصف وسوف يحصل علي الاجابه الصحيحه.,13,0.0,False
Okay.,teacher,1,0,0.0,,0.0,-حسناً,-حسنا,1,0.0,False
[That’s what he told me.],student,5,0,,,,هذا ما قاله لي,هذا ما قاله لي,4,0.0,False
What?  What’s this?  Don’t look at this.,teacher,7,0,0.0,,0.0,ما هذا؟ لا تنظر إلى هذا.,ما هذا؟ لا تنظر الي هذا.,6,0.0,False
I should take what I learned in the classroom and put it on to this.,student,15,0,,0.0,,يجب أن آخذ ما تعلمته في الفصول الدراسية وأضعها على هذا.,يجب ان اخذ ما تعلمته في الفصول الدراسيه واضعها علي هذا.,11,0.0,False
Switch it to this?,teacher,4,0,1.0,,0.0,تغيّر ذلك إلى هذا؟,تغير ذلك الي هذا؟,4,0.0,False
Yeah.,student,1,0,,,,-أجل، أجل,-اجل، اجل,2,0.0,False
What we learned right now?,teacher,5,0,,,0.0,ماذا تعلمنا الآن؟,ماذا تعلمنا الان؟,3,0.0,False
Yeah.,student,1,0,,,,-أجل، أجل,-اجل، اجل,2,0.0,False
What did you do that was easy for you?  Why did you end up with the right answer?,teacher,18,0,,,1.0,ما الذي فعلته كان سهلاً بالنسبة لك لماذا انتهى بك المطاف بالجواب الصحيح؟,ما الذي فعلته كان سهلا بالنسبه لك لماذا انتهي بك المطاف بالجواب الصحيح؟,13,0.0,False
I just used what we learned from the class and like put it into my own way.,student,17,0,,0.0,,لقد استخدمت ما تعلمناه من الصف ووضعته بطريقتي الخاصة,لقد استخدمت ما تعلمناه من الصف ووضعته بطريقتي الخاصه,9,0.0,False
That’s okay.  What’s going on here?  What’s going on here?,teacher,10,0,0.0,,0.0,لا بأس، ما الذي يجري هنا؟,لا باس، ما الذي يجري هنا؟,6,0.0,False
If you cant simplify to get this answer and it’s not right. No.,student,13,1,,0.0,,إذا لم تستطع تبسيط للحصول على هذه الإجابة فهذا ليس صحيحاً,اذا لم تستطع تبسيط للحصول علي هذه الاجابه فهذا ليس صحيحا,11,0.09090909090909091,True
"Go ahead.  Okay.  All right.  I think that this – let’s conclude the lesson.  Tomorrow we’ll continue because you guys want to go home right? Stop, stop, stop.  Stop.  Stop, stop okay.",teacher,32,0,0.0,,0.0,هيّا، حسناً، حسناً، أعتقد أنّ هذا لننهي الدروس، غداً سنستمر لأنّكم تريدون الذهاب للمنزل، صحيح؟ توقف، توقف، توقف، توقف، توقف، توقف، توقف، توقف.,هيا، حسنا، حسنا، اعتقد ان هذا لننهي الدروس، غدا سنستمر لانكم تريدون الذهاب للمنزل، صحيح؟ توقف، توقف، توقف، توقف، توقف، توقف، توقف، توقف.,23,0.0,False
