text,speaker,talktime_words,math_density,uptake,student_reasoning,focusing_questions,text_arabic
Are we supposed to do it?,student,6,0,,,,هل من المفترض أن نفعل ذلك؟
"Nope.  We’re going to talk about it really quick.  We have not subtracted fractions yet, right? All right, well, here’s to hoping! Okay, so we’ve been talking about adding fractions, right?  Been working on adding fractions.  What do we need to do when we add fractions?  We’re just going to do a quick review for adding.  Student B, what’s our first step that we need to do?",teacher,67,6,1.0,,0.0,لا. سوف نتحدث عن ذلك بسرعة كبيرة. نحن لم نخصم الكسور بعد، أليس كذلك؟ حسناً، حسناً، هذا هو التأمل! حسناً، إذاً كنا نتحدث عن إضافة الكسور، أليس كذلك؟ كنا نعمل على إضافة الكسور. ماذا يجب أن نفعل عند إضافة الكسور؟ سنقوم فقط بمراجعة سريعة لإضافة. الطالب ب، ما هي الخطوة الأولى التي نحتاج إلى القيام بها؟
"You write down the fractions, I mean the factors of 8 and then 4.",student,14,2,,0.0,,أنت تكتب الكسور، أعني العوامل من 8 ثم 4.
The factors or the…,teacher,4,1,1.0,,0.0,العوامل أو...
The multiplication.,student,2,1,,,,المضاعفة.
The multiples.  So what are the multiples of 8?,teacher,9,2,,,0.0,المضاعفات ما هي المضاعفات من 8؟
"8, 16 …",student,3,0,,,,8 ، 16 ...
"8, 16 …",teacher,3,0,,,0.0,8 ، 16 ...
24.,student,1,0,,,,24.
"Okay, shall we stop there?",teacher,5,0,,,0.0,حسناً، هل نتوقف هنا؟
Yes.,student,1,0,,,,-أجل، أجل
Did you do 4 yet?,teacher,5,0,,,0.0,هل فعلت 4 حتى الآن؟
"4, 8.",student,2,0,,,,أربعة، ثمانية
And what do they have in common?,teacher,7,0,,,1.0,وما المشترك بينهما؟
"8. They have 16 in common too, and 24.",student,9,0,,0.0,,8، لديهم 16 مشتركة أيضا، و 24.
"They do have 16 and 24 in common if we continued on. But you have to do the first number in 32 if we kept going, but we normally pick the first number, right? Student E, what’s our next step that we do now that we have them both circled?",teacher,50,1,1.0,,0.0,لديهم 16 و 24 مشتركة إذا استمرنا. ولكن عليك أن تفعل الرقم الأول في 32 إذا استمرنا، ولكن عادة ما نختار الرقم الأول، أليس كذلك؟ الطالب إيه، ما هي الخطوة التالية التي نقوم بها الآن بعد أن لدينا كل منهما دائرة؟
"You do how many times you did it.  So like since 8 was only once, you do times 1.",student,19,0,,0.0,,اذاً بما ان 8 كان مرة واحدة فقط فانك تقوم بمضاعفة 1
"Okay, so we have to change them so they have the same denominator, right?",teacher,14,1,0.0,,0.0,حسناً، علينا أن نغيرها حتى تكون لها نفس المعادلة، صحيح؟
"You need to do two. You do times 2 for 4, times 2 for 1.",student,15,0,,0.0,,"عليك أن تفعل اثنين. يمكنك أن تفعل مضاعفة 2 مقابل 4, مضاعفة 2 مقابل 1."
Okay.,teacher,1,0,0.0,,0.0,-حسناً
I can talk for myself.,student,5,0,,,,يمكنني التحدث بنفسي
"Student D, what are our new fractions?",teacher,7,1,0.0,,0.0,الطالب (د) ، ما هي كسورنا الجديدة؟
3 and 8.,student,3,0,,,,ثلاثة و ثمانية
"We can write it up here, 3 out of 8 plus … Okay, when we add them up, what do we get?",teacher,22,1,,,0.0,يمكننا أن نكتبها هنا، 3 من 8 زائد ... حسنا، عندما نجمعهم، ما الذي نحصل عليه؟
5 out of 8.,student,4,0,,,,خمسة من ثمانية
"All right, so we’ve been doing adding for awhile now, right? We did it on this.  We kind of started a little bit yesterday with the clocks.  We’re going to do subtracting fractions today, and then we’re going to practice both of them.  Does anyone have a guess as to how we might solve, for subtracting fractions, how might we start?  What process might we do?  Student C, do you have any thoughts of how we might do subtracting fractions?  We’ve been doing adding, how might we do subtracting?",teacher,89,7,,,1.0,حسناً، لقد قمنا بالاضافة لبعض الوقت الآن، أليس كذلك؟ فعلنا ذلك على هذا. بدأنا قليلاً بالأمس مع الساعات. سنقوم بخصم الكسور اليوم، ومن ثم سنقوم بتدريب كليهما. هل لدى أحد تخمين حول كيف يمكننا حل، عن طريق خصم الكسور، كيف يمكننا البدء؟ ما هي العملية التي يمكننا القيام بها؟
"Oh, do the same thing.",student,5,0,,,,افعل نفس الشيء
"Okay, so what would I do first?",teacher,7,0,0.0,,0.0,حسناً، ماذا سأفعل أولاً؟
Multiples of 3.,student,3,1,,,,مضاعفات من 3
We’ll do it in a different color.  So what would I start with?,teacher,13,0,,,0.0,سنقوم بذلك بألوان مختلفة، إذاً ما الذي سأبدأ به؟
3.,student,1,0,,,,3 .
3,teacher,1,0,,,0.0,3
6.,student,1,0,,,,6 .
6.,teacher,1,0,,,0.0,6 .
You need to just leave it there.,student,7,0,,,,عليك فقط أن تتركها هناك
"Okay, we can stop.  And then what?",teacher,7,0,0.0,,0.0,حسناً، يمكننا التوقف وماذا بعد ذلك؟
And the other one…,student,4,0,,,,والآخر...
6.,teacher,1,0,,,0.0,6 .
And you could just circle the…,student,6,1,,,,ويمكنك فقط أن تدور حول...
"Circle the 6’s, okay.",teacher,4,1,1.0,,0.0,حلقة 6 s، حسنا.
And then you count how many [inaudible] to come out to 6.,student,12,0,,0.0,,وبعدها تحسب عدد [غير مسموع] للخروج إلى 6.
So how many?,teacher,3,0,1.0,,1.0,إذاً كم عدد؟
2.  You put times 2.,student,5,0,,,,2. تضع ضرب 2.
So I multiply by 2.  Then what do I do here?,teacher,11,1,1.0,,0.0,إذاً أنا مضاعفة بـ2 ماذا أفعل هنا؟
"And the other one, it comes to [inaudible].",student,8,0,,0.0,,والآخر، يأتي إلى [غير مسموع].
"Okay, and then what?",teacher,4,0,0.0,,0.0,حسناً، وماذا بعد ذلك؟
You make your new…,student,4,0,,,,أنتِ تصنعين...
Fra…,teacher,1,0,,,0.0,(فرا)...
Fraction.,student,1,1,,,,الجزء.
"Fraction, right.  Okay, what’s my new fraction going to be?",teacher,10,2,,,0.0,حسناً، ما هو جزءي الجديد؟
It’s going to be 4 out of 6.,student,8,0,,0.0,,سيكون 4 من 6
4 out of 6.,teacher,4,0,1.0,,0.0,أربعة من ستة
And 1 out of 6.,student,5,0,,,,و 1 من 6
And 1 out of 6.  What am I doing?  I’m…,teacher,10,0,1.0,,0.0,و 1 من 6 ماذا أفعل؟
Adding.,multiple students,1,0,,,,إضافة
"Adding the top numbers. Take away, it’s subtracting.",student,8,1,,0.0,,إضافة الأرقام العليا. إزالة، هو سحب.
"I’m subtracting, right?",teacher,3,1,1.0,,0.0,أنا أسحب، أليس كذلك؟
So it’s 3/6.,student,3,0,,,,اذاً هو 3/6.
"So it’s 3 out of 6.  Is that our lowest form, or can we find an equivalent for that?",teacher,19,1,,,0.0,إذاً فهو 3 من 6، هل هذا هو أدنى شكل لدينا، أو يمكننا العثور على ما يعادله لذلك؟
One-half.,student,1,0,,,,ونصف.
"One-half, because three is half of six.  Okay, I’m going to put one up here, a subtraction one, that you’re going to do in your notebook, and then we’ll go over it.  Actually I’ll put two up and then I’ll call two of you to come do the work up here before we go on our own, okay?",teacher,58,1,,,0.0,نصف، لأن ثلاثة هو نصف ستة. حسناً، سأضع واحد هنا، واحد خصم، الذي ستقوم به في دفتر الملاحظات الخاصة بك، ومن ثم سنقوم بمراجعته. في الواقع سأضع اثنين فوق ثم سأتصل ب اثنين منكم للقيام بالعمل هنا قبل أن نذهب بمفردنا، حسناً؟
How do you get a recording acting like that? [In reference to kids in nearby classroom yelling and screaming.],student,19,0,,0.0,,كيف يمكنك الحصول على تسجيل يتصرف مثل هذا؟
"How did they get a recording acting like that?  Well, I don't know.  Everyone’s different, sweetie. All right, here we go.  So copy these two down in your notebook, please.  So you should have your notebook open, the date, and you’re copying these down. What do we need to do though?  This is 50 percent.",teacher,55,1,1.0,,0.0,كيف حصلوا على تسجيل يتصرفون هكذا؟ حسناً، لا أعرف. الجميع مختلفين، عزيزتي. حسناً، ها نحن ذا. لذا نسخ هذان الاثنان في دفتر الملاحظات الخاص بك، من فضلك. لذلك يجب أن يكون دفتر الملاحظات الخاص بك مفتوحاً، والتواريخ، وأنت نسخ هذه. ماذا يجب علينا أن نفعل؟ هذا هو 50 في المئة.
Take it away. It’s one and a half.,student,8,0,,0.0,,خذها، إنها ساعة ونصف
"Sssh, please don’t yell out.  Please do the work in your notebook.",teacher,12,0,0.0,,0.0,ارجوك لا تصرخ، ارجوك قم بالعمل في دفتر الملاحظات
"Miss G, I guess this [week] is going by fast.",student,10,0,,0.0,,آنسة جي، أعتقد أن هذا [الأسبوع] يمر بسرعة.
Hmm?,teacher,1,0,0.0,,0.0,هل هذا صحيح؟
I said I guess this [week] is going by fast.  Next week is already the 17th.,student,16,0,,0.0,,قلت أعتقد أن هذا الأسبوع يمر بسرعة الأسبوع القادم هو بالفعل السابع عشر
"Next week really is the 17th, on Friday, yes. Okay, so we’re working on the steps that we already know.  These are the ones that we’re working on.",teacher,28,0,1.0,,0.0,الأسبوع القادم هو يوم الجمعة السابعة عشر، نعم، حسناً، نحن نعمل على الخطوات التي نعرفها بالفعل، هذه هي الخطوات التي نعمل عليها.
How can you take 3 away from 5?,student,8,0,,1.0,,كيف يمكنك أن تأخذ 3 بعيدا عن 5؟
"We don’t.  Good thinking.  But remember what we do for adding fractions.  Can we subtract or add – what are these called, the bottom number, the denominator?",teacher,27,4,0.0,,0.0,ونحن لا. تفكير جيد. ولكن تذكر ما نفعله لإضافة الكسور. هل يمكننا أن نخصم أو نضيف  ما هي هذه تسمى، الرقم السفلي، القاسم؟
Numerator and denominator.,student,3,2,,,,العداد والقاسم
Numerator and denominator.  But are the denominators the same?,teacher,9,3,,,0.0,العداد والعاقب، لكن هل العاقب هو نفسه؟
No.,student,1,0,,,,-كلا .
So we need to make it so the denominators are the…,teacher,11,1,,,0.0,لذا علينا أن نجعلها حتى تكون المُسمى...
Same.,student,1,0,,,,نفس الشيء.
"So we need to use our steps, right?  Remember what our steps are?  You told me that we have to find multiples, right? So for this, list 6, and you have to find 6 and 8 in common.  You don’t just subtract, honey, it’s the same as addition.  The bottom numbers aren’t the same.  Keep going. Now what comes after 18?",teacher,61,3,,,0.0,لذلك نحن بحاجة إلى استخدام خطواتنا، أليس كذلك؟ تذكر ما هي خطواتنا؟ قلت لي أننا يجب أن نجد مضاعفات، أليس كذلك؟ لذلك بالنسبة لهذا، القائمة 6، وعليك أن تجد 6 و 8 في المشترك.
16.,student,1,0,,,,16.
Did you [inaudible]?,teacher,3,0,,,0.0,هل أنت (غير مسموع) ؟
Oooh! [Inaudible],student,2,0,,,,أوه! [غير مسموع]
"And now list the multiples for 8.  So which ones do you see in common?  Now you might want to erase your answer because it’s not right.  [Inaudible] Good, and write your new fraction below it, right?  Or you can write it over there if you want.  Nice. Look at your operation now.  Are we doing addition?",teacher,57,3,,,0.0,والآن قم بإدراج المضاعفات لـ 8. إذن ما هي المضاعفات التي ترونها مشتركة؟ الآن قد ترغب في حذف إجابتك لأنها ليست صحيحة. [لا يمكن سماعها] جيد، وكتب جزءك الجديد أسفلها، أليس كذلك؟ أو يمكنك كتابته هناك إذا كنت تريد. جيد. انظر إلى العملية الخاصة بك الآن. هل نقوم بالإضافة؟
"No, take away.",student,3,0,,,,لا، خذ بعيدا.
We’re doing take away.,teacher,4,0,,,0.0,نحن نقوم بأخذ.
It’s 6.,student,2,0,,,,إنها ستة
6 out of what?,teacher,4,0,,,0.0,6 من ماذا؟
8.,student,1,0,,,,8
"Good.  And can we find the equivalent fraction that’s smaller? We can’t simplify or reduce that and find the equivalent that’s smaller?  See if you can.  What would you divide them both by?  Good, did you write your new fractions?  Are you thinking what can go into both of them?",teacher,50,5,,,1.0,جيد. وهل يمكننا العثور على الجزء المكافئ الذي هو أصغر؟ لا يمكننا تبسيط أو تقليل ذلك والعثور على الجزء المكافئ الذي هو أصغر؟ انظر إذا كنت تستطيع. ما الذي سوف تقسيم كل منهما؟ جيد، هل كتبت الجزء الجديد الخاص بك؟ هل تتساءل ما يمكن أن يذهب في كل منهما؟
Yeah.,student,1,0,,,,-أجل، أجل
So what can you divide both of these by?  What common factor do they have?,teacher,15,2,,,1.0,إذاً ما الذي يمكن تقسيم الاثنين به؟ ما هو العامل المشترك بينهما؟
6.,student,1,0,,,,6 .
"Okay, so do the little divides, right?  What’s 6 divided by 6?",teacher,12,2,,,0.0,حسناً، إذاً القسمات الصغيرة، صحيح؟ ما هي 6 مقسمة على 6؟
1.,student,1,0,,,,1 .
"Okay, what’s 24 divided by 6?",teacher,6,1,,,0.0,حسناً، ما هو 24 مقسماً بـ 6؟
4.,student,1,0,,,,4 .
So it’s one…,teacher,3,0,,,0.0,لذا فهو واحد...
Fourth.,student,1,0,,,,الرابع
"And you write it, for the little divided signs, you write divided by 6, divided by 6, and that’s our new one, right? One-fourth.  Good, try the second one.  Put the date.",teacher,32,3,,,0.0,"وانت تكتبها، للخطوط الصغيرة المنقسمة، وانت تكتب مقسمة على 6, مقسمة على 6, وهذا هو الجديد لدينا، أليس كذلك؟ واحد ربع. جيد، جرب الثاني. ضع التاريخ."
[Inaudible],student,1,0,,,,[غير مسموع]
"Yes, it looks like that.  Can you try the next one?  Good, Student D. How are we doing?",teacher,18,0,,,0.0,نعم، يبدو كذلك هل يمكنك تجربة التالي؟ جيد، الطالب د. كيف الحال؟
Good.,student,1,0,,,,-حسناً
"You’re done with this one, you want to do this one?",teacher,11,0,,,0.0,"انت انتهيت من هذا, هل تريد ان تفعل هذا؟"
I need help with the second one.,student,7,0,,,,أحتاج مساعدة مع الثانية.
"With the second one?  Okay, what do we need to do first? First we need to list the what?",teacher,19,0,1.0,,0.0,حسناً، ماذا يجب أن نفعل أولاً؟ أولاً علينا أن نضع قائمة بماذا؟
The multiples.,student,2,1,,,,المتعددات.
"So can you start with 5.  Okay, then you can list them with this.  Did you find one in common?",teacher,20,0,,,1.0,إذاً، هل يمكنك البدء بـ 5؟ حسناً، ثم يمكنك إدراجها مع هذا. هل وجدت واحدة مشتركة؟
Yes.,student,1,0,,,,-أجل، أجل
Next you need to do what?,teacher,6,0,,,0.0,ماذا ستفعل بعد ذلك؟
[Inaudible],student,1,0,,,,[غير مسموع]
Now you need to rewrite it out there.  4 times…,teacher,10,0,,,0.0,الآن عليك إعادة كتابته هناك أربع مرات
4 is 16.,student,3,0,,,,4 = 16
Over what?,teacher,2,0,,,0.0,من أجل ماذا؟
20.,student,1,0,,,,عشرون
"All right, minus?",teacher,3,0,,,0.0,حسناً، ناقص؟
2.  Over 20.,student,3,0,,,,أكثر من 20 سنة
Equals…,teacher,1,0,,,0.0,متساوية
[Inaudible],student,1,0,,,,[غير مسموع]
"[Inaudible]  Can we find an equivalent fraction for that that’s smaller?  If we divide both 14 and 20 by something?  Well, they’re both even, and even numbers we can always divide by at least what?",teacher,35,4,,,0.0,[لا يمكن سماعها] هل يمكننا العثور على كسر معادل لهذا الذي هو أصغر؟ إذا قمنا بتقسيم كل من 14 و 20 بشيء؟ حسنا، كلاهما متساوية، والأرقام المتساوية يمكننا دائمًا تقسيمها على الأقل بماذا؟
4.,student,1,0,,,,4 .
"No, not all of them by 4.  You can always cut in half, that means you can always divide them by 2.   So if you divide them both by…",teacher,29,2,,,0.0,لا، ليس جميعها بـ4 يمكنك دائماً قطعها إلى النصف، وهذا يعني أنه يمكنك دائماً تقسيمها بـ2
Can I do the last one?,student,6,0,,,,هل يمكنني القيام بالآخر؟
"Yep, go ahead.  In your neatest writing please.  I’m going to make this a little smaller so you can write below it.  What is it?  4 out of 20 minus 2 out of 20, was that the problem?  2 out of 20.  Okay, do it in your neatest handwriting.",teacher,49,0,1.0,,0.0,نعم، هيّا. في كتابتك الأكثر تنظيفاً من فضلك. سأجعلها أصغر قليلاً حتى تتمكن من الكتابة تحتها. ما هي؟ 4 من 20 - 2 من 20، هل كانت هذه هي المشكلة؟ 2 من 20. حسناً، افعل ذلك بأكثر تنظيفاً من كتابة يدك.
Thanks.,student,1,0,,,,شكراً لكِ
"You said if they’re even numbers we can cut them all in half, right?  So if we cut these in half, that means we divide them by what?  Or cut them in half?  So see up here? I just wrote it smaller. Oh, 4 over 5.   There we go.",teacher,49,2,,,0.0,لقد قلت ان كانت ارقام متساوية يمكننا ان نقصها كلها الى النصف، صحيح؟ اذا ان نقصها الى النصف، هذا يعني ان نقصها الى ماذا؟ او نقصها الى النصف؟ انظر هنا؟ انا فقط كتبتها أصغر.
I can’t see.,student,3,0,,,,لا أستطيع أن أرى
It’s 4 over 5 minus 2 over 20.  4/5 minus 2/20.  2 over 20.,teacher,14,0,,,0.0,هو 4 على 5 ناقص 2 على 20. 4/5 ناقص 2/20. 2 على 20.
2 over 20.,student,3,0,,,,اثنان على عشرين
4 over 5 minus 2 over 20.  4 divided by 2 is?,teacher,12,1,,,0.0,4 على 5 - 2 على 20. 4 مقسمة على 2 هي؟
4 divided by 2 equals 2.,student,6,1,,,,4 مقسومة على 2 تساوي 2.
So what is 14 divided by 2?,teacher,7,1,1.0,,0.0,اذاً ما هو 14 مقسماً بـ 2؟
7.,student,1,0,,,,7
"So can you write an equals.  Remember how you learned an equal fraction?  [Inaudible] Yep, 20 divided by 2, yeah.  That’s the smallest form, remember?  [Inaudible] the smallest form, the equivalent, right?  Now what percent is that?",teacher,37,4,,,0.0,هل يمكنك كتابة مساوية؟ تذكر كيف تعلمت جزء مساوية؟ نعم، 20 مقسماً بـ 2، نعم. هذا هو أصغر شكل، تذكر؟
70.,student,1,0,,,,70.
"70, good.  But if you said 14 over 20, would you be able to know the percent?",teacher,17,1,,,1.0,70، حسناً، ولكن إذا قلت 14 على 20، هل ستكون قادراً على معرفة النسبة؟
"No,",student,1,0,,,,لا، لا.
"No, it’s a little trickier, so it’s easier when we do that.",teacher,12,0,,,0.0,لا، هو أكثر صعوبة قليلا، لذلك هو أسهل عندما نفعل ذلك.
[Inaudible],student,1,0,,,,[غير مسموع]
"Good, did you find percents?",teacher,5,1,,,0.0,جيد، هل وجدت نسبة مئوية؟
[Inaudible],student,1,0,,,,[غير مسموع]
Can you do that?  Can you find the percents for those?  It’s a little tricky.,teacher,15,1,,,0.0,هل يمكنك فعل ذلك؟ هل يمكنك العثور على النسبة المئوية لهذه؟
This one’s 25 percent.,student,4,1,,,,هذه 25 بالمئة
Mm-hmm.  And that one should be easy too.,teacher,8,0,,,0.0,وهذا يجب أن يكون سهلاً أيضاً
Easy like [a pea in a pod].,student,7,0,,,,سهل مثل (البازلاء في الكبسولة)
Yeah?,teacher,1,0,0.0,,0.0,-أجل؟
This blue or red marker?,student,5,0,,,,هذا العلامة الزرقاء أم الحمراء؟
"You want a red marker?  It’s right here.  Maybe you want to … Oh good.  You got yours done nicely, Student D. one, that it was immediately 20. Yeah, sometimes we can list them, sometimes we don’t have to. It’s okay.",teacher,41,0,1.0,,0.0,هل تريد علامة حمراء؟ انها هنا. ربما تريد ... أوه جيد. حصلت على الخاص بك بشكل جيد، الطالب D. واحد، أنه كان على الفور 20. نعم، في بعض الأحيان يمكننا إدراجهم، في بعض الأحيان لا يجب علينا ذلك.
I know what the first one is.,student,7,0,,,,أعرف ما هو الأول.
"Well, you can check your work with his, don’t yell it out though, because he wants to solve it on his own.  While Student B is working on that, put your name and date on this please.  This is the work that goes along with today’s.  We’re just doing Side 46.  Okay?  So put your name on 46 and if you want to get started before we go over those, you can?  He should be done any second.",teacher,78,0,0.0,,0.0,حسناً، يمكنك التحقق من عملك مع عمله، لكن لا تصرخ عليه، لأنه يريد أن يحل الأمر بنفسه. بينما الطالب ب يعمل على ذلك، ضع اسمك وتاريخك على هذا من فضلك. هذا هو العمل الذي يتوافق مع اليوم. نحن نقوم فقط بالجانب 46. حسناً؟ لذا ضع اسمك على 46 وإذا كنت تريد البدء قبل أن نذهب إلى تلك، يمكنك؟ يجب أن يتم في أي لحظة.
40…?,student,1,0,,,,أربعين؟
"46.   Good, but you skipped on step.  Where are the new fractions?  Wait a minute.  Here.  Right our new fractions first and then write that after.  So write the new fractions, 12 out of… Good.  Minus.  Yeah, you have it all on your paper but we don’t want to confuse everyone.  And what do we get?  What does that equal when you subtract them?  Equals?",teacher,65,4,,,0.0,46، حسناً، ولكنك قفزت على الخطوة. أين الكسور الجديدة؟ انتظر لحظة. هنا. حق كسورنا الجديدة أولاً ثم اكتب ذلك بعد ذلك. لذا اكتب الكسور الجديدة، 12 من... جيد. سلبي. نعم، لديك كل شيء في ورقتك ولكننا لا نريد أن نخلط في الخلط الجميع. وماذا نحصل؟ ما الذي يساوي عندما تقوم باستبعادهم؟ يساوي؟
[Inaudible],student,1,0,,,,[غير مسموع]
6 out of…,teacher,3,0,,,0.0,ستة من...
2.,student,1,0,,,,2 .
20.,teacher,1,0,,,0.0,عشرون
[Inaudible] 4.,student,2,0,,,,[غير مسموع] 4.
"And then you can write equals the one, find your equivalent, okay?  Thank you. Okay, Student D, we’re going to just go over these real quickly and then you can work on that, okay?  So can you sit up and double-check and make sure they’re right?  Because I’m going to ask you for the percents, okay?",teacher,56,2,,,0.0,ثم يمكنك كتابة يساوي واحد، والعثور على ما يعادله، حسناً؟ شكراً. حسناً، الطالب د، سنقوم بمراجعة هذه بسرعة ويمكنك العمل على ذلك، حسناً؟ لذا هل يمكنك الجلوس والتحقق مزدوجة للتأكد من أنهم على حق؟ لأنني سأطلب منك النسبة المئوية، حسناً؟
That’s right.,student,2,0,,,,هذا صحيح
Is it the same answer you got?,teacher,7,0,,,0.0,هل هي نفس الإجابة التي حصلت عليها؟
Yes.,student,1,0,,,,-أجل، أجل
"Okay, are you done?",teacher,4,0,,,0.0,حسناً، هل انتهيت؟
"Yeah, and I did my percents.",student,6,1,,,,نعم، وأنا فعلت نسبة مئتي.
"Nice job.  All right, so we’re going to go over these, and then you guys are going to work on your paper on your own, which are very similar to what we’ve been doing.  So Student B, can you explain your work?  What you did?",teacher,45,0,0.0,,1.0,عمل جيد. حسناً، سنقوم بمراجعة هذه، وبعدها ستعملون على ورقتكم بأنفسكم، والتي تشبه كثيراً ما كنا نفعل. إذاً الطالب ب، هل يمكنك شرح عملك؟ ماذا فعلت؟
It’s right there.,student,3,0,,,,إنه هناك
"I know it’s right there, can you explain it?",teacher,9,0,,,1.0,أعرف أنه هناك، هل يمكنك تفسير ذلك؟
I [inaudible] by 6 and then I got 4 so I divided by 4.  I got the multiples of 8 and then I got the…,student,25,2,,0.0,,أنا (غير مسموع) بـ 6 ثم حصلت على 4 لذا قمت بتقسيمها بـ 4 حصلت على مضاعفات 8 ثم حصلت على...
"Okay so you did the multiples of 6, and you skip counted for times, and that’s why you put the times 4, and then you did the multiples of 8.  And you did it…",teacher,34,2,1.0,,0.0,حسناً إذاً قمت بمضاعفة 6 ، ثم تخطي العد من أجل مرات ، وهذا هو السبب في أنك وضعت المضاعفة 4 ، ثم قمت بمضاعفة 8.
Times 3.,student,2,0,,,,ثلاث مرات
"3 times, so 1, 2, 3.",teacher,6,0,,,0.0,3 مرات، لذلك 1، 2، 3
And found my answer.,student,4,0,,,,ووجدت إجابتي
"And the new fractions that you got were 12 out of 24, minus 6 out of 24, and then you got, it equaled 6 out of 24.  And then when we found the equivalent fraction we found ¼. Student D, what percent is ¼?",teacher,44,3,,,0.0,والكسور الجديدة التي حصلت عليها كانت 12 من 24، ناقص 6 من 24، ثم حصلت، انها تساوي 6 من 24.
25 percent.,student,2,1,,,,25 بالمئة
"Student D, what percent is ¼?",teacher,6,1,,,0.0,الطالب (د) ، ما هو النسبة المئوية؟
25 percent.,student,2,1,,,,25 بالمئة
"Yeah, you had 25 written down.",teacher,6,0,,,0.0,نعم، كان لديك 25 مكتوب.
"Yeah, I have it.",student,4,0,,,,أجل، لديّها
"Good job.  Okay, Student E, can you explain to us what you did down here?",teacher,15,0,,,1.0,حسناً، الطالب (إي) ، هل يمكنك أن تشرح لنا ماذا فعلت هنا؟
5 times 4.,student,3,0,,,,5 × 4
Is this a 16?,teacher,4,0,,,0.0,هل هذه 16؟
"5 times 4 is 20, then I carried the 4 up.",student,11,0,,0.0,,5 × 4 = 20، ثم حملت 4 فوق.
"You brought the 4 up, you did the same up here, okay.",teacher,12,0,1.0,,0.0,لقد جلبت الرابعة، فعلت نفس الشيء هنا، حسناً.
And then I did 20 times 1.,student,7,0,,,,ومن ثم فعلت 20 × 1
"So this is the new fraction you made, because you add 5 times 4.",teacher,14,2,0.0,,0.0,هذا هو الجزء الجديد الذي قمت به، لأنك تضيف 5 × 4.
[Inaudible],student,1,0,,,,[غير مسموع]
"He’s trying to explain it, so can you give him a second please? Can you give him a second please?   So you made the new fraction, right?  5 times 20, and 4 times 4, you had 16, right?  Then you did it on this side and what did you get?",teacher,50,1,,,0.0,هو يحاول أن يوضح ذلك، لذلك هل يمكن أن تعطيه ثانية من فضلك؟ هل يمكن أن تعطيه ثانية من فضلك؟ لذلك قمت بعمل الجزء الجديد، أليس كذلك؟ 5 × 20 و 4 × 4 كان لديك 16، أليس كذلك؟ ثم فعلت ذلك على هذا الجانب وما الذي حصلت عليه؟
20.,student,1,0,,,,عشرون
And then…,teacher,2,0,,,0.0,وبعد ذلك...
And then 2.,student,3,0,,,,ثم اثنان.
So you subtracted them.,teacher,4,1,,,0.0,إذاً أنت منقطعتهم
"I did 2 take away 16 is 14, but you can’t do 20 take away 20 at the bottom, because I could see 20.  And then I said because 14 and 20 is an even number, I know half of 14 is 7, and then I know that half of 20 is 10.  So then I put 7 at the top and 10 at the bottom",student,66,1,,1.0,,لقد فعلت 2 إزالة 16 هو 14 ولكن لا يمكنك فعل 20 إزالة 20 في الأسفل، لأنني يمكن أن أرى 20. ومن ثم قلت لأن 14 و 20 هو عدد متزايد، أنا أعرف نصف 14 هو 7، ومن ثم أنا أعرف أن نصف 20 هو 10.
"Okay.  So Student B, is this what you were asking about?",teacher,11,0,0.0,,1.0,حسناً، إذاً الطالب (ب) ، هل هذا ما كنت تسأل عنه؟
Yeah.,student,1,0,,,,-أجل، أجل
"One second, Student C, I’ll call on you in one second, okay? He said he took 2 away from 16 and got 14.  We leave the bottom the same, right, because it’s still out of the same. And then this is what he got.  You said you divided both of these by 2, right?  Student E, you divided both by 2? Right?  And you got 7 out of 10?  What were you going to add, Student C?",teacher,77,3,,,0.0,ثانية واحدة، الطالب C، سأتصل بك في ثانية واحدة، حسنا؟ قال انه أخذ 2 من 16 وحصل على 14. نحن نترك الجزء السفلي نفسه، أليس كذلك، لأنه لا يزال خارج من نفس. ومن ثم هذا ما حصل عليه. قلت أنك تقسمت هذين الاثنين ب 2، أليس كذلك؟ الطالب E، قمت بتقسيم الاثنين باليمين؟ وهناك 7 من 10؟ ماذا كنت ستضيف، الطالب C؟
The percent is 70 percent.,student,5,2,,,,المئة هي 70 في المئة.
"Yeah, you want to tell us the percent?  Go ahead.",teacher,10,1,1.0,,0.0,نعم، هل تريد أن تخبرنا بالمئة؟
70 percent.,student,2,1,,,,70 بالمئة
"70 percent, very nice.  Good job.  Okay.  So what you’re going to do right now, you’re going to look at page 46.  There is addition.  There is some with 3 fractions, and then there is some subtraction, okay?  You’re going to work on it independently, and myself and Mr. S. will be coming around and checking if you need help, how you’re doing.  Good, Student B, it looks like you’re getting right to it.",teacher,74,4,,,0.0,70%، جيد جداً. عمل جيد. حسناً. إذاً ما سوف تفعله الآن، سوف تنظر إلى الصفحة 46. هناك إضافة. هناك بعضها مع 3 كسور، ثم هناك بعض السحب، حسناً؟ ستعملين على ذلك بشكل مستقل، وأنا والسيد س سنأتي ونفحص ما إذا كنت بحاجة إلى مساعدة، كيف حالك. حسناً، الطالب ب، يبدو أنك تصل إلى ذلك.
I have a question.,student,4,0,,,,لدي سؤال
"Sure, what’s your question?",teacher,4,0,,,0.0,بالتأكيد، ما هو سؤالك؟
Should I do the same thing as like this?,student,9,0,,0.0,,هل يجب أن أفعل الشيء نفسه مثل هذا؟
"Wait till you get there and then we’ll read that question, okay?  But it looks very similar.  But it might be just subtraction.  You might not fit any more there.  Where do you want yours?  Over your name?  I don’t even know who you are any more, you’re just [inaudible] now.",teacher,51,1,0.0,,0.0,انتظر حتى تصل إلى هناك ومن ثم سنقرأ هذا السؤال، حسنا؟ لكنه يبدو متشابه جدا. ولكن قد يكون مجرد خصم. قد لا تتناسب هناك بعد الآن. أين تريد الخاصة بك؟ على اسمك؟ أنا لا أعرف حتى من أنت بعد الآن، أنت فقط [غير قابل للسمع] الآن.
I want one. People keep peeling it off in the bus room.,student,12,0,,0.0,,أريد واحداً الناس يستمرون في التخلص منه في غرفة الحافلات
"So you each got one, good.  What’s on your fraction?",teacher,10,1,0.0,,0.0,إذاً كل واحد منكم يحصل على واحد، حسناً، ما هو جزءكم؟
People keep peeling it off in the bus room.,student,9,0,,0.0,,الناس يستمرون في التخلص منه في غرفة الحافلات.
"They get old, that’s all right.  What’s on your fraction?  I stuck it right there.",teacher,15,1,0.0,,0.0,يُصبحون كبار السن، لا بأس، ما هو جزءك؟
You gave it to Student C.,student,6,0,,,,لقد أعطيتها للطالب (سي)
"Oh, I did, sorry, here.  I forgot that you guys switched sheets.  I just gave you one, Student T, didn't I?  You know what?  I put it on the name tag and I thought that was yours.  I forgot that… Here you go.  I’ll put the points up after. Okay, let me do Student S.  What’s our new fraction for this?  What are we times-ing by?  For 4.",teacher,68,1,1.0,,0.0,أوه، أنا آسف، هنا. لقد نسيت أنّكم تغيرتم الأوراق. لقد أعطيتكم واحدة فقط، الطالب T، أليس كذلك؟ أتعلمون ماذا؟ وضعتها على علامة الاسم وأعتقدت أنها كانت لك. نسيت ذلك... ها أنت ذا. سأضع النقاط بعد ذلك. حسناً، دعوني أفعل الطالب S.
3.,student,1,0,,,,3 .
"3.  Okay, and what are we times-ing by here?",teacher,9,0,,,0.0,حسناً، ما هو الوقت الذي نقوم به هنا؟
4.,student,1,0,,,,4 .
"And what’s our new fractions?  [Lots of kids yelling in other classroom] Please just remember, we just need to ignore, I know it’s bothersome.",teacher,24,1,,,0.0,و ما هي كسورنا الجديدة؟ [كثير من الأطفال يصرخون في الفصول الدراسية الأخرى] رجاءً فقط تذكر، نحن فقط بحاجة إلى تجاهل، أنا أعرف أنه مزعج.
8 out of 12.,student,4,0,,,,8 من 12
"Oh, this one?  8 out of 12, plus what, what’s our first one?",teacher,13,0,,,0.0,هذه؟ 8 من 12، زائد ماذا، ما هو أول واحد لدينا؟
7 out of 1.,student,4,0,,,,7 من 1.
3 out of?,teacher,3,0,,,0.0,ثلاثة من ذلك؟
I mean 12.,student,3,0,,,,أعني 12
"Add’m up.  We might get to this too.  Can I see?  Okay, make sure you take that answer and put it on the line, okay? You have the right answer, good job, just put it on the job. How’s it coming, Student C?",teacher,43,2,,,0.0,حسناً، تأكد من أخذ هذه الإجابة ووضعها على الخط، حسناً؟ لديك الإجابة الصحيحة، عمل جيد، فقط ضعها على العمل. كيف حالك، الطالب سي؟
Good.,student,1,0,,,,-حسناً
"Good.   Good, Student D.",teacher,4,0,,,0.0,جيد، جيد، الطالب دي.
What’s [inaudible] with 11?,student,4,0,,,,ما هو [غير مستمع] مع 11؟
"Well, is 11 an even number or an odd number?  Can we cut an odd number in half?",teacher,18,3,,,0.0,حسناً، هل 11 عدداً مُزدوجاً أم عدداً مُزدوجاً؟ هل يمكننا قطع عدد مُزدوجاً إلى النصف؟
No.,student,1,0,,,,-كلا .
"So that might be as small as it gets, okay?  Circle your answer so I know which one’s your answer, thank you.  Then get started on the next one. Are they both the same?",teacher,34,1,,,0.0,لذلك قد يكون ذلك أصغر ما يحصل، حسنا؟ دائرة الإجابة الخاصة بك حتى أعرف أي واحد  الإجابة الخاصة بك، شكرا. ثم البدء في التالي. هل كلاهما هو نفسه؟
Yeah.,student,1,0,,,,-أجل، أجل
"Wow, that’s crazy.  Okay, can you read this out loud to me?",teacher,12,0,,,0.0,هذا جنون، حسناً، أيمكنك قراءة هذا بصوت عال لي؟
"A pizza is cut into 12 equal pieces.  Alexander eats one-third of the pizza.  Rachel eats one-fourth of the pizza, and Charles eats one-twelfth of the pizza.  What fraction of pizza did they have left?",student,35,1,,0.0,,تُقطع البيتزا إلى 12 قطعة متساوية. ألكسندر يأكل ثلث البيتزا. راشيل يأكل ربع البيتزا، وتشارلز يأكل اثنا عشر من البيتزا. كم جزء من البيتزا بقي لهم؟
You can do a clock.  Remember we’ve been using the clocks?  And the clock is already broken into how many equal pieces?,teacher,22,0,0.0,,0.0,يمكنك صنع ساعة، هل تتذكرين أننا كنا نستخدم الساعات، والساعة مكسورة بالفعل إلى كم قطعة متساوية؟
12.,student,1,0,,,,12
"So that can be your pizza that we color in, right?  Here.  Sit up.  So now from the middle point make it 12 pieces.  Where do your lines have to go to?  Go ahead and make 12.  Or you can just go … Where’s one third of this clock.  Right.  So where’s one-third on your clock?  Where did one third go to, do you remember?  Okay, so make it one-third.  So that’s what we’ll re-label that part.  Picture this is a pizza.  Who ate one-third?",teacher,85,1,,,0.0,لذا يمكن أن تكون هذه البيتزا التي نقوم بتلوينها، أليس كذلك؟ هنا. اجلس. الآن من النقطة الوسطية قم بتصنيفها 12 قطعة. إلى أين يجب أن تذهب الخطوط الخاصة بك؟ اذهب واصنع 12. أو يمكنك فقط الذهاب... إلى أين 1/3 من هذه الساعة. صحيح. إذاً أين 1/3 من هذه الساعة؟ أين ذهب الثلث؟ هل تتذكر؟ حسناً، لذلك قم بتصنيفها ثلثاً. لذلك هذا ما سنقوم بإعادة وضع علامة على هذا الجزء.
Alex.,student,1,0,,,,(أليكس)
Alexander eats one third.  So write Alexander.  Now we need to go the next person.  Rachel eats one-fourth.  How much is a fourth?,teacher,23,0,,,0.0,ألكسندر يأكل ثلثاً، لذا اكتب ألكسندر، الآن يجب أن نذهب إلى الشخص التالي، راشيل تأكل ربعاً.
[Inaudible],student,1,0,,,,[غير مسموع]
"No, that would be, if we went like that, that’s three equal pieces.  How do we do a fourth?",teacher,19,0,,,0.0,لا، هذا سيكون، إذا ذهبنا هكذا، وهذا هو ثلاثة قطع متساوية. كيف نفعل الرابعة؟
Right here?,student,2,0,,,,هنا؟
Yep.  So now label this piece.  Who ate that piece?,teacher,10,0,,,0.0,أجل، الآن ضع علامة على هذه القطعة، من أكلها؟
Rachel.,student,1,0,,,,(رايتشل)
"No, Rachel’s up here.  We split it into fourths, right?  Do you understand why?  If we were to go like this, ignore this line, how many equal pieces?  Four, right?  Yes or no.",teacher,33,1,,,0.0,لا، راشيل هنا، ونقسمها إلى أرباع، أليس كذلك؟ هل تفهمون لماذا؟ إذا ذهبنا هكذا، تجاهل هذا الخط، كم قطعة متساوية؟ أربعة، صحيح؟ نعم أو لا.
5.,student,1,0,,,,5 .
"No, ignore this line.  1, 2, 3, 4.  So Rachel ate that piece. Okay, now, read the last person.  How much did Charles eat?",teacher,24,1,,,1.0,لا، تجاهل هذه السطر، واحد، اثنان، ثلاثة، أربعة، إذاً (رايتشل) أكلت تلك القطعة، حسناً، الآن، اقرأ آخر شخص، كم أكلت (تشارلز) ؟
1/12.,student,1,0,,,,1/12.
So show me 1/12.,teacher,4,0,,,0.0,إذاً أرني 1/12.
Like right here.,student,3,0,,,,مثل هنا
Yeah.  Then write his name.  Okay.  And now it’s asking what fraction of the pizza do they have left over?  How many pieces did they have left over?  Where’s the leftovers.,teacher,31,1,,,0.0,أجل، ثم اكتب اسمه، حسناً، والآن يسأل كم جزء من البيتزا تبقى؟ كم قطعة تبقى؟ أين البقايا؟
They have 3 leftovers.,student,4,0,,,,لديهم 3 بقايا.
"Well, can you draw the pieces in?",teacher,7,0,,,0.0,حسناً، هل يمكنك رسم الأجزاء؟
What pieces in?,student,3,0,,,,في أي قطعة؟
"Okay, this is all gone and eaten.",teacher,7,0,,,0.0,حسنا، كل هذا ذهب وأكل.
Can I use the clock?,student,5,0,,,,هل يمكنني استخدام الساعة؟
"Sure.  No honey, it goes to the middle.  A pizza.  Did you ever see slices of pizza cut like that?  They all go to the dot in the middle, that’s why you have a clock.  Good.  Good, now how many pieces?",teacher,41,0,1.0,,0.0,بالتأكيد، لا يا عزيزتي، إنها تذهب إلى الوسط. بيتزا. هل رأيت قطعة من البيتزا تقطع هكذا؟ كلها تذهب إلى النقطة في الوسط، ولهذا السبب لديك ساعة. جيد. جيد، الآن كم قطعة؟
Four.,student,1,0,,,,أربعة.
Four leftover out of how many?,teacher,6,0,,,0.0,أربعة بقايا من بين كم؟
Out of 10.,student,3,0,,,,من بين عشرة
"So now it says what fraction of the pizza do they have left? You just told me, write it here.",teacher,20,1,,,0.0,إذاً الآن تقول كم جزء من البيتزا تبقى؟
5/10.,student,1,0,,,,5/10.
"Okay, can we find an equivalent fraction to that, that’s smaller?",teacher,11,1,,,0.0,حسناً، هل يمكننا العثور على جزء مساوٍ لذلك، وهو أصغر؟
This is one-third.,student,3,0,,,,هذا واحد ثلث.
So for every good…,teacher,4,0,,,0.0,لذا من أجل كل الخير
"Okay, now they said, they’re learning four.",student,7,0,,,,حسناً، الآن قالوا إنهم يتعلمون أربعة
"Good, but how many times does 3 go into 12?",teacher,10,0,0.0,,0.0,جيد، ولكن كم مرة يذهب 3 إلى 12؟
4.,student,1,0,,,,4 .
So how many do we need to shade in for 1/3?,teacher,11,0,,,0.0,إذاً، كم نحتاج إلى تخفيض الثلث؟
4.,student,1,0,,,,4 .
"Yep, so shade in one more.",teacher,6,0,,,0.0,نعم، لذا ظل في واحد أكثر.
I did 1/3.,student,3,0,,,,لقد فعلت 1/3.
"I know, but there’s 12 pieces, so if we’re splitting 12 into, remember, thirds, what number goes in here 3 times?",teacher,21,0,,,0.0,أعلم، لكن هناك 12 قطعة، لذا إذا كنا نقسم 12 إلى، تذكر، الثلث، ما هو الرقم الذي يدخل هنا 3 مرات؟
4.,student,1,0,,,,4 .
"4.  So that’s how many pieces she ate.  1, 2, 3…  1 of them, right?  One third, is 4, do you get it?",teacher,23,0,,,0.0,اذاً هذه هي عدد القطع التي أكلتها، واحد، اثنان، ثلاثة، واحد منهم، صحيح؟ الثلث هو أربعة، هل تفهمون؟
I think so.  Am I supposed to shade in 4 for the other one?,student,14,0,,0.0,,أعتقد ذلك هل من المفترض أن أظل في 4 للآخر؟
"Well, no, because then the next person ate ¼.  So make 4 lines. 1, 2, 3, 4.",teacher,17,1,1.0,,0.0,حسنا، لا، لأن الشخص التالي يأكل 1⁄4. لذا قم بأربعة خطوط. 1، 2، 3، 4.
"Oh, 3.",student,2,0,,,,أوه، ثلاثة.
"Yeah, good.",teacher,2,0,,,0.0,نعم، جيد.
Take away one at a time.,student,6,0,,,,خذ واحدا في كل مرة.
"1, 2, 3.  Good.  And then this one’s easy.  He ate how much?",teacher,13,0,0.0,,0.0,1، 2، 3، جيد، وهذا سهل، كم أكله؟
1.,student,1,0,,,,1 .
"Okay, we already did that one.  Good, now it says how many are left?",teacher,14,0,,,0.0,حسناً، لقد فعلنا ذلك بالفعل، حسناً، الآن يقول كم عدد الباقين؟
"That’s easy, 4.",student,3,0,,,,هذا سهل، 4.
What fraction is that?,teacher,4,1,,,0.0,ما هو هذا الجزء؟
1/8.,student,1,0,,,,1/8.
"How many do we have total, Sweetie?",teacher,7,1,,,0.0,كم عددنا إجماليًا يا عزيزتي؟
4 and 12. That’s more than…,student,6,0,,,,4 و 12، هذا أكثر من...
"Is it asking for more than [inaudible].  Oh, you’re saying the fraction is an improper fraction.",teacher,16,2,1.0,,0.0,أنت تقول أن الجزء هو جزء غير مناسب
Yeah.,student,1,0,,,,-أجل، أجل
"How do we make it proper, do you remember how to do it?",teacher,13,0,,,0.0,كيف نفعل ذلك بشكل صحيح، هل تتذكر كيف نفعل ذلك؟
No.,student,1,0,,,,-كلا .
"Okay, well see if you can figure it out.  Maybe you can do it by making the candy bar, or you can do it by how many times does 12 go into 17.  Okay, well you need to work on it. Can you make that a smaller factor?  Can you find an equivalent? [Inaudible]",teacher,54,1,,,0.0,حسنا، حسنا، انظر إذا كنت يمكن أن نفهم ذلك. ربما يمكنك أن تفعل ذلك من خلال صنع شريط الحلوى، أو يمكنك أن تفعل ذلك من خلال عدد مرات 12 يذهب إلى 17. حسنا، حسنا، تحتاج إلى العمل على ذلك. هل يمكنك أن تجعل ذلك عامل أصغر؟ هل يمكنك أن تجد ما يعادلها؟ [غير قابل للسمع]
[Inaudible],student,1,0,,,,[غير مسموع]
Is it 34?  12 and 16.  [Inaudible]  They’re both even.,teacher,10,0,,,0.0,هل هو 34؟ 12 و 16. كلاهما متساوي.
I don’t know what’s half of 34.,student,7,0,,,,لا أعرف ما هو نصف 34
"Well, what’s half of 30?",teacher,5,0,1.0,,0.0,حسناً، ما هو نصف 30؟
15?,student,1,0,,,,خمسة عشر؟
"Okay, then you’ve got 4 left over.  What’s half of 4?",teacher,11,0,,,0.0,حسناً، إذاً لديك 4 متبقية، ما هو نصف 4؟
[Inaudible],student,1,0,,,,[غير مسموع]
"No, what’s half of 4?",teacher,5,0,,,0.0,لا، ما هو نصف 4؟
"Oh, half of 4?  2.",student,5,0,,,,نصف أربعة؟
So 15 plus the 2.  Then you have 30 in half and 4 in half.,teacher,15,0,1.0,,0.0,اذاً 15 + 2 ثم لديك 30 في النصف و 4 في النصف
17.,student,1,0,,,,17
Yeah.,teacher,1,0,,,0.0,-أجل، أجل
[Inaudible],student,1,0,,,,[غير مسموع]
If you cut the top one in half you have to cut the [inaudible] in half [inaudible].,teacher,17,0,,,0.0,إذا قمت بقطع الجزء العلوي إلى النصف يجب عليك قطع [الجهاز غير السمعي] إلى النصف [الجهاز غير السمعي].
[Inaudible].,student,1,0,,,,[غير مسموع].
So can you read me number 3.,teacher,7,0,,,0.0,لذا هل يمكنك أن تقرأ لي رقم 3.
"Oh yeah, thanks.",student,3,0,,,,أجل، شكراً
That’s okay.  You can skip around.  It just needs to all get done.,teacher,13,0,,,0.0,لا بأس، يمكنك القفز فقط يجب أن تنتهي كل شيء
"A pizza is cut into 12 equal pieces.  Alexander eats one-third of the pizza.  Rachel eats one-fourth of the pizza, and Charley eats one-twelfth of the pizza.  What fraction of pizza did they have left?",student,35,1,,0.0,,تُقطع البيتزا إلى 12 قطعة متساوية. ألكسندر يأكل ثلث البيتزا. راشيل يأكل ربع البيتزا، وتشارلي يأكل اثنا عشر من البيتزا. كم جزء من البيتزا بقي لهم؟
Good.  So what can you do with all the fractions?,teacher,10,1,1.0,,1.0,حسناً، ما الذي يمكنك فعله بكل هذه الكسور؟
Make a picture?,student,3,0,,,,إلتقاط صورة؟
"You could make a picture.  That might be a little tricky. Well, it’s telling you that total they eat a pizza, right? Student R, do you need to go take 5?  You seem a little grumpy for no reason.  Do you need help, because there’s another way to ask for it. Okay, so you cut it into thirds right now for the first one.",teacher,64,1,,,0.0,يمكنك أن تقوم بتصوير صورة. قد يكون ذلك صعباً قليلاً. حسناً، فهذا يخبرك أن مجموعهم يأكلون بيتزا، أليس كذلك؟ الطالب R، هل تحتاج إلى الذهاب للخمسة؟ تبدين قاسية قليلاً دون سبب. هل تحتاج إلى المساعدة، لأن هناك طريقة أخرى لطلب ذلك. حسناً، إذاً قم بتقليصها إلى ثلثات الآن لأول مرة.
Yeah.,student,1,0,,,,-أجل، أجل
"They’re all doing one pizza, right?  Okay, so go ahead.",teacher,10,0,,,0.0,جميعهم يقومون بـ (بيتزا) واحدة، صحيح؟
The one that’s the most is total so I have to cut it in 12 pieces.,student,16,1,,0.0,,الذي هو الأكثر هو إجمالي لذلك يجب علي قطعها في 12 قطعة.
Okay.  Do you have 12 pieces?,teacher,6,0,1.0,,1.0,حسناً، هل لديك 12 قطعة؟
"1, 2, 3, 4, 5, 6, 7, 8, 9, 10, 11, 12.",student,12,0,,0.0,,1، 2، 3، 4، 5، 6، 7، 8، 9، 10، 11، 12
Good.  So now are you going to color in what they ate?  How are you going to solve it?  How much did Alexander eat?,teacher,24,0,0.0,,1.0,حسناً، الآن هل ستقوم بتلوين ما أكلوه؟ كيف ستحلين الأمر؟ كم أكله ألكسندر؟
One-third.,student,1,0,,,,ثلث
One-third.  That one…  What did you just shade in?,teacher,9,0,,,0.0,ثلثاً، هذا ما الذي أخفيته للتو؟
One-twelfth.,student,1,0,,,,واحد اثنا عشر.
So is that one-third?,teacher,4,0,,,0.0,إذاً هل هذا ثلث؟
No.  This is one-third.,student,4,0,,,,لا، هذا ثلث
"You could do it this way.  For every 3, one third means one every 3 pieces, she eats 1.",teacher,19,0,,,0.0,يمكنك القيام بذلك بهذه الطريقة. لكل ثلاثة، ثلث يعني واحد لكل ثلاثة قطع، هي تأكل واحدة.
She eats 2 pieces?,student,4,0,,,,هي تأكل قطعتين؟
"No, for every 3 that you count, she eats 1 of them.   1 out of the 3, right? Can you stop please?  Do you need help?  Are you stuck?  You need to use your words, Student D.",teacher,37,0,,,0.0,لا، لكل ثلاثة تَحْسبُونَ، تَأْكلُ واحداً منهم. 1 من الثلاثة، أليس كذلك؟ هل تَستطيعُ التَوَقُّفُ رجاءً؟
I need help.,student,3,0,,,,أنا بحاجة لمساعدة.
"Okay, so she eats a third.  So that would be if we split the pizza into how many equal chunks?",teacher,20,0,,,0.0,حسناً، إذاً هي تأكل ثلثاً، إذاً سيكون ذلك إذا قمنا بتقسيم البيتزا إلى كم قطعة متساوية؟
3.,student,1,0,,,,3 .
"So how do you split 12 pieces into 3 equal pieces?  How do you split the 12 pieces into 3 equal groups?  Make it all darker, there you go.  Make a third darker.  No, not those darker.",teacher,37,1,,,1.0,كيف تقسم 12 قطعة إلى 3 قطع متساوية؟ كيف تقسم 12 قطعة إلى 3 مجموعات متساوية؟ اجعل كل شيء أسود، ها أنت ذا. اجعل الثالث أسود. لا، ليس تلك الأسود.
There you go.,student,3,0,,,,ها أنت ذا
"Okay, how many pieces are in each section now?",teacher,9,0,,,0.0,حسناً، كم عدد الأجزاء في كل قسم الآن؟
4.,student,1,0,,,,4 .
So are they equal?,teacher,4,0,,,0.0,إذاً هل هم متساوون؟
Yes.,student,1,0,,,,-أجل، أجل
"How many are in one-third?  Show me the thirds. So you’re going to look at both of these.  So you’re going to find the total for this, the total for this, and circle which one’s greater.  Either this will be greater or this will be greater, okay?  [Inaudible] to one.  [Inaudible] Sorry. Okay, let’s go about it another way.  Put your head up please.  Another way that you could do it… Well, what fraction do we have total?  What’s our total going to be? A pizza is cut into 12 equal pieces so what’s our whole? What fraction is our whole?  12 out of…",teacher,104,9,,,0.0,كم عدد في الثلث؟ أرني الثلثات. لذا سوف تنظر إلى هذين الاثنين. لذا سوف تجد إجمالي هذا، إجمالي هذا، و الدائرة التي هي أكبر. إما هذا سيكون أكبر أو هذا سيكون أكبر، حسنا؟ [لا يمكن سماع] إلى واحد. [لا يمكن سماع] آسفة. حسنا، دعنا نذهب حول ذلك بطريقة أخرى. رفع رأسك من فضلك. طريقة أخرى يمكنك القيام بذلك ... حسنا، ما هو الجزء الذي لدينا إجمالي؟ ما هو إجمالي لدينا؟
[Inaudible],student,1,0,,,,[غير مسموع]
What?,teacher,1,0,,,0.0,ـ ماذا؟
12 [inaudible] whole.,student,3,1,,,,12 [غير مسموع] كاملة.
"That would be one piece, honey.  How many pieces are there all together?",teacher,13,0,,,0.0,سيكون ذلك قطعة واحدة يا عزيزتي كم قطعة هناك معاً؟
12.,student,1,0,,,,12
"Okay, if you ate all the pizza, how many pieces did you eat?",teacher,13,0,,,0.0,حسناً، إذا أكلت كل البيتزا، كم قطعة أكلت؟
A whole.,student,2,1,,,,ككل.
"You ate a whole, but how many pieces did you eat?",teacher,11,1,,,0.0,أكلت كل شيء، ولكن كم قطعة أكلت؟
"Oh, all of them, 12 pieces!",student,6,0,,,,جميعها 12 قطعة
"So our whole is 12 out of 12, right?  So how many did Alexander eat?",teacher,15,1,1.0,,1.0,إذن مجموعنا هو 12 من 12، صحيح؟
One-third.,student,1,0,,,,ثلث
One-third.  How many did Rachel eat?,teacher,6,0,,,0.0,ثلث، كم أكلت (رايتشل) ؟
One-fourth.,student,1,0,,,,ربع واحد.
So write hers down please.  How many did Charles eat?  Good. Can you write neatly please?  What are we going to do with those?  What can we do with those to find out how much they ate altogether?,teacher,38,0,,,0.0,لذا اكتب لها من فضلك. كم تناول تشارلز؟ جيد. هل يمكنك أن تكتب جيدا من فضلك؟ ماذا سنفعل مع تلك؟ ماذا يمكننا أن نفعل مع تلك لمعرفة كم تناولوا معا؟
Add?,student,1,1,,,,إضافة؟
"Okay, so put your operation between them.  And what’s a factor they all have in common?  Can you put a plus sign please? There’s another one right there.  I’ll come around and check in a minute. Do you want an extra piece of paper to do the work on?",teacher,49,0,,,0.0,حسناً، ضع عمليتك بينهما. وما هو العامل المشترك بينهما؟ هل يمكنك وضع علامة إضافية من فضلك؟ هناك علامة أخرى هناك. سأعود لأفحصها بعد دقيقة. هل تريد قطعة ورق إضافية للعمل عليها؟
No.,student,1,0,,,,-كلا .
So you circled this one’s closer to one whole?,teacher,9,2,,,1.0,إذاً، هل حولت هذه القاعدة أقرب إلى كلية واحدة؟
This one’s closer to one whole.,student,6,1,,,,هذه أقرب إلى كلية واحدة
"Okay, so then circle which one’s closer to a whole with the problem.",teacher,13,2,1.0,,0.0,حسناً، إذن قم بعمل دائرة حول أي منها أقرب إلى الكامل مع المشكلة.
[Inaudible],student,1,0,,,,[غير مسموع]
"Okay, so separate.  Okay, now do the same with this.  There’s two.",teacher,12,0,,,0.0,حسناً، إذاً منفصل، حسناً، الآن افعل الشيء نفسه مع هذا، هناك اثنان.
It’s an avalanche.,student,3,0,,,,إنها ثلج ثلجية
"Where, next door? So did you find it yet?  Sit up.  Which factor do they all come in common, I mean multiples do they all have in common?",teacher,28,1,,,1.0,أين، الجوار؟ هل وجدتها بالفعل؟ أجلس. ما العامل المشترك بينهم جميعاً، أعني، هل لديهم جميعاً مضاعفات مشتركة؟
12.,student,1,0,,,,12
"12.  So can you make any fractions over here please?  Can you write neatly, because we really don’t have enough room to be writing messy.  They don’t give you a lot of room here so you need to do it neat.  Okay, now write your new fractions please.  So you said this is times 4, so write it right here, your new one.  4 out of…",teacher,66,2,,,0.0,إذاً هل يمكنك صنع أي كسور هنا من فضلك؟ هل يمكنك الكتابة بدقة، لأننا حقاً لا نملك مساحة كافية للكتابة الفوضوية. إنهم لا يعطونك الكثير من المساحة هنا لذا عليك القيام بذلك بدقة. حسناً، الآن اكتب كسورك الجديدة من فضلك.
Can I go to the toilet?,student,6,0,,,,هل يمكنني الذهاب إلى المرحاض؟
"Sure. Okay, 4 out of what?  Student D, 4 out of what?",teacher,12,0,0.0,,0.0,حسناً، أربعة من ماذا؟ الطالب (د) أربعة من ماذا؟
20?,student,1,0,,,,عشرون؟
"Now write your next new fraction.  For the work that we don’t finish, we’ll have to finish it at lunchtime.  I’m just saying anyone that we don’t finish.  Can you write your next new one?  Okay, now what’s your last one?  Good! 2. Okay, now can you add them please?",teacher,50,2,,,0.0,الآن اكتب الجزء الجديد التالي. للعمل الذي لا ننتهيه، يجب أن ننتهيه في وقت الغداء. أنا فقط أقول لأي شخص أننا لا ننتهيه. هل يمكنك كتابة الجزء الجديد التالي الخاص بك؟ حسناً، الآن ما هو الجزء الأخير الخاص بك؟ جيد!
Is it 1 over 12?,student,5,0,,,,هل هو 1 على 12؟
"Yeah, you didn't have to multiply by anything, it was times 1. Can you sit up please?  Body language, remember?  Thank you. Okay, now what do we have when we add them all up?",teacher,34,2,0.0,,0.0,نعم، لم يكن عليك مضاعفة أي شيء، كانت بمقدار 1 يمكنك الجلوس من فضلك؟ لغة الجسم، تذكر؟ شكراً. حسناً، الآن ماذا لدينا عندما نجمعهم جميعاً؟
[Inaudible],student,1,0,,,,[غير مسموع]
"Okay, one minute please. Double-check your answers.",teacher,7,0,,,0.0,حسناً، دقيقة واحدة رجاءً، تحقق من إجاباتك
"I did, [inaudible].",student,3,0,,,,لقد فعلت، [غير مسموع].
"Okay, they ate 8 out of 12, right?  That’s how much they ate all together.  Now it says what fraction of the pizza did they have left?  So how much is left?",teacher,32,1,,,0.0,حسناً، لقد أكلوا ثمانية من أصل 12، صحيح؟ هذا ما أكلوه جميعاً معاً. الآن تقول كم جزء من البيتزا بقي لهم؟
I don’t know.,student,3,0,,,,أنا لا أعرف.
"Yes, you do.  How many pieces are there?",teacher,8,0,,,0.0,أجل، لديك، كم عدد القطع هناك؟
1/12.,student,1,0,,,,1/12.
"No, how many pieces are there all together?",teacher,8,0,,,0.0,لا، كم عدد الأجزاء هناك معا؟
"None, there’s none.",student,3,0,,,,لا شيء، لا شيء.
"Honey, in the pizza, how many pieces are there?",teacher,9,0,,,0.0,عزيزتي، كم عدد القطع الموجودة في البيتزا؟
"Oh, 12.",student,2,0,,,,أوه، 12
"Okay, and how many did they eat?",teacher,7,0,,,0.0,حسناً، كم عدد الذين أكلوا؟
8.,student,1,0,,,,8
They ate 8 of them.  That’s a good start.  Shade in 8.,teacher,12,0,,,0.0,لقد أكلوا ثمانية منهم، هذا بداية جيدة.
Do we have to do the backside Miss P?,student,9,0,,0.0,,هل يجب أن نقوم بعمل الجانب الخلفي للسيدة بي؟
"No, you’re just doing the front one. Now it says, how many are left?",teacher,14,0,1.0,,0.0,لا، أنتِ فقط تقومين بالمرحلة الأمامية، والآن تقول، كم عدد الباقين؟
4 out of 8.,student,4,0,,,,أربعة من ثمانية
4 out of how many?,teacher,5,0,,,0.0,أربعة من كم عدد؟
4 out of 8 left.,student,5,0,,,,أربعة من ثمانية يسار.
"Okay, there’s 4 pieces left, okay, but out of how many?  How many did we start with, what’s our total?",teacher,20,1,1.0,,0.0,حسناً، هناك 4 قطع متبقية، حسناً، لكن من كم عدد؟ كم عدد البداية، ما هو مجموعنا؟
4 out of 12 left.,student,5,0,,,,4 من 12 يسارا.
"Thank you.  We always put the total that we started with at the bottom, as the denominator.  Our whole was 12.",teacher,21,3,1.0,,0.0,شكرًا لكم. نحن دائماً نضع الإجمالي الذي بدأنا به في الجزء السفلي، كالمعادل. مجموعنا كان 12.
[Inaudible],student,1,0,,,,[غير مسموع]
"Well, you’re supposed to do 4.",teacher,6,0,,,0.0,حسناً، من المفترض أن تفعل 4
I already did 4.,student,4,0,,,,لقد فعلت بالفعل أربعة
"No, you didn't.",teacher,3,0,,,0.0,لا، لم تفعل.
4 was at the bottom.,student,5,0,,,,4 كان في الأسفل.
"That’s 5, sweetie.  5.  4 is right here.",teacher,8,0,1.0,,0.0,هذا 5 يا عزيزي 5.4 هنا
Oooh!,student,1,0,,,,أوه!
"Okay, make this.  It says, “Georgia is a carpenter and she has a piece of wood that is ten feet long.” Can you make her a piece of wood please?  Like draw her a piece of wood.  Draw a piece of wood, yeah.  Good.  Great.  Okay?  Label how long it is, please.  No, label how long the wood is total. Okay.  How much does she use?  Half of the wood for her bookshelf.  So which piece does she use?  Color what she uses for her bookshelf.  So how much is half?",teacher,91,1,,,0.0,حسناً، اصنع هذا. يقول: جورجيا حطامة ولديها قطعة خشب طولها عشر أقدام. هل يمكنك أن تصنع لها قطعة خشبية من فضلك؟ مثل رسمها قطعة خشبية. رسم قطعة خشبية، نعم. جيد. عظيم. حسناً؟ ضع علامة على طولها، من فضلك. لا، ضع علامة على طول الخشب الكلي. حسناً. كم تستخدم؟ نصف الخشب لمرف كتبها. فما هي القطعة التي تستخدمها؟ لون ما تستخدمها لمرف كتبها. فما هو النصف؟
50 percent.,student,2,1,,,,50 في المئة.
"But how much is that?  Okay, so right 5.  And then she uses one- fourth of the wood for a kitchen shelf.  Can you show me the line where one-fourth is?  Good.  How much is a fourth?",teacher,37,1,,,0.0,ولكن كم هو هذا؟ حسناً، حسناً 5، وبعد ذلك تستخدم ربع الخشب لرف المطبخ. هل يمكنك أن تريني الخط حيث ربع؟ جيد. كم هو ربع؟
25 percent.,student,2,1,,,,25 بالمئة
"25 percent, great.  Also, if 5 is half, what’s a fourth?  This is half of this, sweetie, so when you cut 5 in half, what’s half of 5?",teacher,28,1,,,0.0,25 في المئة، عظيم. أيضا، إذا كان 5 هو نصف، ما هو الرابع؟ هذا هو نصف هذا، عزيزي، إذا كنت قطع 5 في النصف، ما هو نصف 5؟
2-1/2.,student,1,0,,,,2-1/2
"Yes, so label that 2-1/2. You don’t need to get an attitude about it. So this is what she’s already used, right?  Shade this in a little bit too so we know she used it. How many feet of wood are left?",teacher,42,0,,,0.0,نعم، لذا قم بتسمية ذلك 2-1/2. لا تحتاج إلى الحصول على موقف حول ذلك. إذاً هذا ما استخدمته بالفعل، أليس كذلك؟ قم بتظليل هذا قليلاً أيضاً حتى نعرف أنها استخدمته. كم قدم من الخشب بقي؟
4-1/2.,student,1,0,,,,4-1/2.
"When we add 5, plus 2-1/2, plus 4-1/2, do we get 10?",teacher,12,1,,,0.0,"عندما نضيف 5 + 2-1/2, + 4-1/2, هل نحصل على 10؟"
"Yes, we do.",student,3,0,,,,نعم، نحن نريد.
"You just showed this is 2-1/2, so what does this section have to be as well?  Think about that.  Think about when you add these 2 together, add 5 and 2-1/2.",teacher,31,2,,,0.0,"لقد أظهرت للتو أن هذا هو 2-1/2, لذلك ما يجب أن يكون هذا القسم كذلك؟ فكر في ذلك. فكر في ذلك عندما تضيف هذه 2 معا، تضيف 5 و 2-1/2."
8-1/2?,student,1,0,,,,ثمانية ونصف؟
"No, add these two together.",teacher,5,1,,,0.0,لا، إضافة هذان الاثنان معا.
[Inaudible].,student,1,0,,,,[غير مسموع].
"Okay, go take a quick break and then come back.  You’re getting really grumpy for no reason.  I don’t know why you have an attitude right now, but it’s not necessary, and it’s rude. Okay, sit up please.  Draw the piece of wood that they used. Okay we’re just going to stop and what you don’t finish you can finish later.  We’re going to go over number 3.  We’re going to go over number 3.  Student D, sit up, please. Student D, sit up please.  Now.  Then you can choose to leave and go take five minutes, but you’re not going to sit there with your head on the desk.  So either sit up or leave and go take five.  Maybe you want to put your shoe on your foot. Okay, we’re going to read number 3 altogether.  I have it really tiny here in my book.  You can go with him if you want.  All right.  “A pizza is cut into 12 equal pieces.” How many pieces?",teacher,168,0,,,0.0,حسناً، إذهب وتأخذ قسطاً سريعاً ثم تعود. ستصبحين غاضبة حقاً بدون سبب. لا أعرف لماذا لديك موقف الآن، ولكن ليس من الضروري، و هو وقح. حسناً، اجلس من فضلك. ارسم قطعة الخشب التي استخدموها. حسناً، سنوقف فقط و ما لم تنتهيه يمكنك إنهاءه لاحقاً. سنذهب إلى رقم 3. سنذهب إلى رقم 3. الطالب D، اجلس من فضلك. الطالب D، اجلس من فضلك. الآن. ثم يمكنك اختيار الرحيل والذهاب لمدة خمس دقائق، ولكنك لن تجلس هناك برأسك على الطاولة. لذا إما أن تجلس أو ترحل وتذهب إلى خمسة. ربما تريد وضع حذاءك على سطحك. حسناً، سنقوم بقراءة رقم 3 بالكامل. لديّ هذا في كتابي، من فضلك. الطالب D، اجلس من فضلك. الآن.
12.,student,1,0,,,,12
"12, thanks, Student C, thanks for chiming in.  12 pieces.  12.",teacher,11,0,,,0.0,12، شكراً، الطالب (سي) ، شكراً على الدعوة 12 قطعة
Is it still videotaping?,student,4,0,,,,هل لا يزال يصور الفيديو؟
"Yes, it’s videotaping until math is over with.  We’re going over number 3 and then we’ll be done with math.  Can you sit up please, Student B?",teacher,27,0,,,0.0,نعم، إنها تسجيل فيديو حتى تنتهي الرياضيات سنذهب إلى رقم 3 ثم سننتهي من الرياضيات هل يمكنك الجلوس من فضلك، الطالب ب؟
I’m tired.,student,2,0,,,,أنا متعب.
Get some more sleep at home. How much does Alexander eat?,teacher,11,0,,,0.0,احصل على المزيد من النوم في المنزل كم يأكل ألكسندر؟
Alexander ate one-third.,student,3,0,,,,أكل ألكسندر ثلثها.
One-third.,teacher,1,0,,,0.0,ثلث
Rachel ate one-fourth.,student,3,0,,,,(رايتشل) أكلت ربع.
"Rachel ate one-fourth, and Charles…",teacher,5,0,,,0.0,(رايتشل) أكلت ربع، و (تشارلز)...
1/12.,student,1,0,,,,1/12.
"So there’s 12 pieces, right?  So what fraction is that?  What fraction is the whole pizza?",teacher,16,3,,,0.0,إذاً هناك 12 قطعة، أليس كذلك؟ إذاً ما هو هذا الجزء؟ ما هو الجزء الكامل من البيتزا؟
12.,student,1,0,,,,12
12 out of…,teacher,3,0,,,0.0,12 من...
12 out of 1.,student,4,0,,,,12 من 1.
Think about this.,teacher,3,0,,,0.0,فكر في هذا
"Ooh, ooh, 12 out of … wait. 8 out of 12. 12 out of 12.",student,15,0,,0.0,,12 من... إنتظر 8 من 12. 12 من 12.
"The whole pizza, sweetie, is 12 out of 12.  The whole.  Okay? 12 out of 12.  So we want to see how much these 3 ate all together, and then how much is left over, right?  So there’s 2 ways to show it.  How can we see how much they ate altogether?  What can we do with those 3 fractions?",teacher,60,3,1.0,,0.0,الـ 12 من الـ 12، حسناً؟ 12 من الـ 12، لذا نريد أن نرى كم تناول هؤلاء الثلاثة معاً، وبعدها كم تبقى، صحيح؟ هناك طريقتان لإظهار ذلك. كيف يمكننا أن نرى كم تناولوا معاً؟
Get the clock.,student,3,0,,,,أحضروا الساعة
Student C?,teacher,2,0,,,0.0,الطالب (سي) ؟
"Draw 12 pieces and then start shading in, [inaudible].",student,9,0,,0.0,,ارسم 12 قطعة ثم ابدأ بالتظليل
"Okay, there’s 12 pieces.  So you want to do one-third first?",teacher,11,0,1.0,,0.0,حسناً، هناك 12 قطعة، لذا هل تريد أن تفعل ثلثاً أولاً؟
"Oh yes, one-third.  So you shade in three.",student,8,0,,0.0,,أجل، ثلثاً، إذاً تَظْلُ في ثلاثة.
For one-third you shade in three?,teacher,6,0,1.0,,0.0,لثلث تَظْلِفُ في ثلاثة؟
"Yeah, you shade three.  One-third.",student,5,0,,,,نعم، أنت تَظْلِفُ ثلاثة.
One-third would mean we break 12 into how many groups?,teacher,10,0,1.0,,0.0,ثلث واحد يعني أننا نقسم 12 إلى عدد المجموعات؟
3 halves.,student,2,0,,,,ثلاثة نصفين.
One-third would mean we break 12 into 3 equal groups.  What number goes in here?,teacher,15,1,,,0.0,ثلث واحد يعني أننا نقسم 12 إلى 3 مجموعات متساوية.
3.,student,1,0,,,,3 .
The same number.,teacher,3,0,,,0.0,نفس الرقم
"Oh, 4.",student,2,0,,,,-أربعة
"What is it, Student B?",teacher,5,0,,,0.0,ما الأمر، الطالب ب؟
4.,student,1,0,,,,4 .
4.  One-third is how many pieces?,teacher,6,0,,,0.0,4. كم عدد القطع الثلثية؟
4.,student,1,0,,,,4 .
"1, 2, 3 4.  Now, for Rachel.",teacher,7,0,,,0.0,1، 2، 3، 4 الآن، لـ (رايتشل)
3. 4 equal pieces.,student,4,0,,,,3. 4 قطع متساوية
4 equal pieces.,teacher,3,0,,,0.0,أربعة قطع متساوية
3.,student,1,0,,,,3 .
"I know, Student E, I want to show people that don’t get it.",teacher,13,0,,,0.0,أعلم، الطالب إيه، أريد أن أري الناس الذين لا يفهمون ذلك.
I get it.,student,3,0,,,,لقد فهمت
"4 equal pieces.  3, 3, 3, 3.  25 percent.  So 3 pieces, right? 1, 2, 3.  And then how many does it say that Charles ate out of 12?",teacher,29,1,,,1.0,4 قطع متساوية. 3، 3، 3، 3، 25 في المئة. إذاً 3 قطع، صحيح؟ 1، 2، 3، و بعد ذلك كم تقول أن تشارلز أكل من 12؟
One.,student,1,0,,,,واحد.
"One.  So we don’t need to do this for him, we just say 1.  How many are left?",teacher,18,0,,,0.0,واحد. لذلك نحن لسنا بحاجة للقيام بذلك من أجله، نحن فقط نقول 1. كم يبقى؟
Four.,student,1,0,,,,أربعة.
"Four out of 12. Or, you could also do it this way.  We want to find how many they ate altogether, so if we want to find something altogether, what do we do?  What operation do we do?",teacher,38,0,,,0.0,أربعة من بين 12، أو يمكنك أيضا القيام بذلك بهذه الطريقة. نريد أن نجد عدد الذين أكلوا جميعا، لذلك إذا أردنا أن نجد شيئا تماما، ماذا نفعل؟ ما العملية التي نفعل؟
Plus.,student,1,0,,,,بالإضافة.
"Plus, we add.",teacher,3,1,,,0.0,بالإضافة، نضيف.
Addition.,student,1,1,,,,إضافة
We say one-third plus what?,teacher,5,0,,,0.0,نقول ثلث زائد ماذا؟
1/3 plus ¼ plus 1/12.,student,5,0,,,,1/3 + 1⁄4 + 1/12.
"Right, well you can’t, so you need to find common denominators, right?",teacher,12,1,0.0,,0.0,حسناً، لا يمكنك، لذا عليك أن تجد المشاركين المشتركين، أليس كذلك؟
"So 3, the multiple of 3, or a multiple of 4.",student,11,2,,0.0,,اذاً 3 هو مضاعف 3 أو مضاعف 4
"3, 6, 9, 12, 4, 8, 12 and then just 12, right?  12 is what we have in common for all of them?",teacher,23,0,1.0,,0.0,3، 6، 9، 12، 4، 8، 12 ثم 12 فقط، أليس كذلك؟
That’s what I did.,student,4,0,,,,هذا ما فعلته
"So for this we would say times 4, times 4, times 3, times 3. Okay, and what’s our new fractions?",teacher,20,1,,,0.0,لذلك لهذا سنقول ضرب 4، ضرب 4، ضرب 3، ضرب 3. حسنا، وما هي الكسور الجديدة؟
Our new fractions…,student,3,1,,,,كسورنا الجديدة...
This new one would be…,teacher,5,0,,,0.0,هذا الجديد سيكون...
The denominator would be 12 and the numerator would be 4.,student,11,2,,0.0,,المطلق سيكون 12 والرقم سيكون 4.
Good.  Plus…,teacher,2,0,0.0,,0.0,جيد، بالإضافة...
"And the other one, plus 3 out of … I can’t see.  What is [inaudible].",student,15,0,,0.0,,والآخر، بالإضافة إلى 3 من... لا أستطيع أن أرى.
"The numerator’s going to be the same in all of them, sweetie. I mean the denominator is going to be the same, so what’s it going to be?",teacher,28,2,0.0,,0.0,العداد سيكون نفسه في جميعها، يا عزيزتي. أعني القاسم سيكون نفسه، لذا ما الذي سيكون؟
So it’s going to be 12.,student,6,0,,,,اذاً سيكون 12
"Yes, plus…",teacher,2,0,0.0,,0.0,نعم، بالإضافة...
[Inaudible],student,1,0,,,,[غير مسموع]
"You’re fine, go ahead.  Plus what?",teacher,6,0,,,0.0,أنتِ بخير، إستمري، بالإضافة إلى ماذا؟
12.  I mean 1 out of 12.,student,7,0,,,,12، أعني 1 من 12
"So when we add them all up, what do we get?",teacher,11,1,0.0,,0.0,إذاً عندما نجمعهم جميعاً، ما الذي نحصل عليه؟
8 out of 12.,student,4,0,,,,8 من 12
"This is what they ate.  They ate 8 of the pieces, did they?  1, 2, 3, 4, 5, 6, 7, 8.  8.",teacher,22,0,,,0.0,هذا ما أكلوه، أكلوا ثمانية قطع، أليس كذلك؟
"Yeah, because there were 4 left.",student,6,0,,,,أجل، لأن هناك أربعة بقيت.
"Okay, so that means how many are left?  If they ate 8 of them, how many are left?",teacher,18,0,1.0,,0.0,حسناً، إذاً هذا يعني كم عدد البقايا؟ إذا أكلوا 8 منهم، كم عدد البقايا؟
4.,student,1,0,,,,4 .
"Good, so we can say the whole is 12 out of 12, minus what they ate, they ate 8 out of the 12, and then we have 4 out of 12 left, right? Okay, put your math in your folder.",teacher,40,1,,,0.0,حسناً، يمكننا أن نقول أن الإجمالي هو 12 من 12، ناقص ما أكلوه، أكلوا 8 من 12، ثم تبقى لدينا 4 من 12، حسناً، ضع الرياضيات في المجلد الخاص بك.
"Oh, if you reduced 4 out of 12 you’ll get [inaudible].",student,11,0,,1.0,,أوه، إذا خفضت 4 من 12 سوف تحصل على [غير مستمع].
"Right, the equivalent would be one-third, thank you.  Then we’ll come back.",teacher,12,1,0.0,,0.0,حسناً، ما يعادلها سيكون ثلثاً، شكراً، ثم سنعود
